Poll_ID,Pollster,Date,n,Period,CDUCSU,SPD,Gruene,FDP,Linke,AfD,BSW
BT02170104O,Forsa,2017-01-04,2001,27.12.–30.12.,37,21,10,6,9,12,NA
BT01170105P,Infratest dimap,2017-01-05,1505,02.01.–04.01.,37,20,9,5,9,15,NA
BT03170107L,Verian,2017-01-07,834,03.01.–05.01.,38,22,10,5,9,12,NA
BT02170111P,Forsa,2017-01-11,2501,02.01.–06.01.,37,20,10,6,9,12,NA
BT03170114M,Verian,2017-01-14,1878,06.01.–11.01.,37,21,10,6,10,12,NA
BT02170118Q,Forsa,2017-01-18,2503,09.01.–13.01.,38,21,9,6,9,11,NA
BT03170121N,Verian,2017-01-21,2805,12.01.–18.01.,36,21,9,6,11,12,NA
BT02170125R,Forsa,2017-01-25,2504,16.01.–20.01.,37,21,10,6,9,12,NA
BT01170127Q,Infratest dimap,2017-01-27,1029,24.01.–25.01.,35,23,9,6,8,14,NA
BT03170128O,Verian,2017-01-28,1996,19.01.–25.01.,37,23,10,6,10,11,NA
BT02170201S,Forsa,2017-02-01,2502,23.01.–27.01.,35,26,8,6,9,11,NA
BT01170202R,Infratest dimap,2017-02-02,1506,30.01.–01.02.,34,28,8,6,8,12,NA
BT03170204P,Verian,2017-02-04,2233,26.01.–02.02.,33,29,8,6,8,11,NA
BT02170208T,Forsa,2017-02-08,2501,30.01.–03.02.,34,31,8,5,8,10,NA
BT03170211Q,Verian,2017-02-11,1966,02.02.–08.02.,33,32,7,6,8,10,NA
BT02170215U,Forsa,2017-02-15,2502,05.02.–10.02.,34,31,7,5,8,9,NA
BT03170218R,Verian,2017-02-18,1885,09.02.–15.02.,32,33,7,6,8,9,NA
BT02170222V,Forsa,2017-02-22,2502,13.02.–17.02.,34,31,7,6,8,8,NA
BT01170223S,Infratest dimap,2017-02-23,1047,20.02.–22.02.,31,32,8,6,7,11,NA
BT03170225S,Verian,2017-02-25,1880,16.02.–22.02.,32,32,7,7,8,9,NA
BT02170301W,Forsa,2017-03-01,2500,20.02.–24.02.,33,31,8,7,7,9,NA
BT03170304T,Verian,2017-03-04,1403,23.02.–01.03.,33,32,7,6,8,10,NA
BT02170308X,Forsa,2017-03-08,2502,27.02.–03.03.,33,32,8,6,7,8,NA
BT01170309T,Infratest dimap,2017-03-09,1502,06.03.–08.03.,32,31,8,6,8,11,NA
BT03170311U,Verian,2017-03-11,1882,02.03.–08.03.,33,33,7,6,8,8,NA
BT02170315Y,Forsa,2017-03-15,2505,06.03.–10.03.,33,32,7,6,7,9,NA
BT03170318V,Verian,2017-03-18,1832,09.03.–15.03.,33,32,8,5,8,9,NA
BT02170322A,Forsa,2017-03-22,2504,13.03.–17.03.,34,31,7,6,7,9,NA
BT01170323U,Infratest dimap,2017-03-23,1023,20.03.–22.03.,32,32,8,6,7,11,NA
BT03170325W,Verian,2017-03-25,2450,16.03.–22.03.,33,33,8,5,8,9,NA
BT02170329B,Forsa,2017-03-29,2501,20.03.–24.03.,34,32,7,6,8,7,NA
BT03170401X,Verian,2017-04-01,2416,23.03.–29.03.,33,33,7,6,8,8,NA
BT02170404C,Forsa,2017-04-04,2504,27.03.–31.03.,36,29,7,5,9,8,NA
BT03170408Y,Verian,2017-04-08,1958,30.03.–05.04.,35,33,7,5,8,9,NA
BT02170411D,Forsa,2017-04-11,2502,03.04.–07.04.,36,30,7,6,8,8,NA
BT01170413V,Infratest dimap,2017-04-13,1502,10.04.–12.04.,34,31,8,6,7,11,NA
BT03170415A,Verian,2017-04-15,2436,06.04.–12.04.,35,31,7,6,9,9,NA
BT02170419E,Forsa,2017-04-19,2007,10.04.–13.04.,36,30,6,6,9,8,NA
BT01170420W,Infratest dimap,2017-04-20,934,18.04.–19.04.,35,30,7,6,8,10,NA
BT03170422B,Verian,2017-04-22,1412,13.04.–19.04.,36,31,6,5,9,9,NA
BT02170426F,Forsa,2017-04-26,2002,18.04.–21.04.,36,30,7,6,8,9,NA
BT03170429C,Verian,2017-04-29,2439,20.04.–26.04.,36,29,7,6,9,9,NA
BT02170503G,Forsa,2017-05-03,2502,24.04.–28.04.,36,28,8,7,8,8,NA
BT13170505D,YouGov,2017-05-05,1957,27.04.–02.05.,35,28,7,7,9,9,NA
BT03170506D,Verian,2017-05-06,1935,27.04.–03.05.,36,28,7,6,9,9,NA
BT02170510H,Forsa,2017-05-10,2004,02.05.–05.05.,36,29,7,7,8,7,NA
BT01170511X,Infratest dimap,2017-05-11,1500,08.05.–10.05.,37,27,8,8,7,10,NA
BT13170512E,YouGov,2017-05-12,2010,08.05.–11.05.,37,25,7,9,8,9,NA
BT03170513E,Verian,2017-05-13,1837,04.05.–10.05.,37,27,8,6,10,8,NA
BT02170517I,Forsa,2017-05-17,2506,08.05.–12.05.,38,26,7,8,8,7,NA
BT01170518Y,Infratest dimap,2017-05-18,1017,16.05.–17.05.,38,26,8,9,6,9,NA
BT13170519F,YouGov,2017-05-19,2000,15.05.–17.05.,38,25,7,9,9,9,NA
BT03170520F,Verian,2017-05-20,2413,11.05.–17.05.,38,26,7,7,9,8,NA
BT02170523J,Forsa,2017-05-23,2502,15.05.–19.05.,39,25,7,9,8,7,NA
BT03170527G,Verian,2017-05-27,1703,18.05.–23.05.,38,25,8,8,8,8,NA
BT02170531K,Forsa,2017-05-31,2001,22.05.–26.05.,38,25,7,9,8,7,NA
BT13170602G,YouGov,2017-06-02,2040,29.05.–31.05.,37,23,8,9,10,9,NA
BT03170603H,Verian,2017-06-03,1838,24.05.–31.05.,38,27,7,7,8,8,NA
BT02170607L,Forsa,2017-06-07,2501,29.05.–02.06.,39,24,8,8,8,7,NA
BT01170608A,Infratest dimap,2017-06-08,1503,06.06.–07.06.,38,24,7,10,8,9,NA
BT03170610I,Verian,2017-06-10,1398,01.06.–07.06.,39,25,8,7,9,8,NA
BT02170613M,Forsa,2017-06-13,2004,06.06.–09.06.,38,24,8,9,8,7,NA
BT01170615B,Infratest dimap,2017-06-15,1018,12.06.–13.06.,39,24,7,9,8,8,NA
BT03170617J,Verian,2017-06-17,2054,08.06.–13.06.,39,25,7,7,9,8,NA
BT02170621N,Forsa,2017-06-21,2505,12.06.–16.06.,39,23,8,8,10,7,NA
BT13170623H,YouGov,2017-06-23,1523,19.06.–22.06.,36,25,8,9,10,7,NA
BT03170624K,Verian,2017-06-24,1363,16.06.–21.06.,39,24,8,7,9,8,NA
BT02170628O,Forsa,2017-06-28,2502,19.06.–23.06.,40,23,9,7,9,7,NA
BT02170629P,Forsa,2017-06-29,1507,26.06.–28.06.,40,23,9,8,9,7,NA
BT13170629I,YouGov,2017-06-29,2000,26.06.–28.06.,38,25,8,8,9,8,NA
BT03170701L,Verian,2017-07-01,936,22.06.–24.06.,39,24,8,8,9,7,NA
BT02170705Q,Forsa,2017-07-05,2503,26.06.–30.06.,39,23,8,8,9,7,NA
BT01170706C,Infratest dimap,2017-07-06,1500,03.07.–05.07.,39,23,8,9,9,9,NA
BT03170708M,Verian,2017-07-08,1878,30.06.–05.07.,38,25,8,8,9,7,NA
BT02170711R,Forsa,2017-07-11,2501,03.07.–07.07.,39,22,8,8,9,8,NA
BT13170712J,YouGov,2017-07-12,1535,10.07.–12.07.,38,24,8,9,9,8,NA
BT03170715N,Verian,2017-07-15,1263,06.07.–12.07.,38,25,8,7,9,8,NA
BT02170719S,Forsa,2017-07-19,2502,10.07.–14.07.,40,22,8,8,9,7,NA
BT03170722O,Verian,2017-07-22,2349,13.07.–19.07.,38,25,8,8,9,8,NA
BT02170726T,Forsa,2017-07-26,2507,17.07.–21.07.,40,22,8,8,9,7,NA
BT01170727D,Infratest dimap,2017-07-27,1004,25.07.–26.07.,40,23,8,8,8,9,NA
BT13170727K,YouGov,2017-07-27,2000,21.07.–25.07.,38,25,7,9,9,8,NA
BT03170729P,Verian,2017-07-29,1921,20.07.–26.07.,38,24,8,8,9,9,NA
BT02170802U,Forsa,2017-08-02,2501,24.07.–28.07.,40,22,8,8,8,8,NA
BT13170803L,YouGov,2017-08-03,2000,28.07.–01.08.,37,25,7,9,9,8,NA
BT03170805Q,Verian,2017-08-05,2453,27.07.–02.08.,38,23,8,8,10,8,NA
BT02170809V,Forsa,2017-08-09,2503,31.07.–04.08.,40,23,8,7,8,8,NA
BT01170809E,Infratest dimap,2017-08-09,1505,04.08.–08.08.,39,24,8,8,9,8,NA
BT13170810M,YouGov,2017-08-10,1513,04.08.–08.08.,38,24,6,9,9,9,NA
BT03170812R,Verian,2017-08-12,1886,03.08.–09.08.,38,24,7,8,10,8,NA
BT02170816W,Forsa,2017-08-16,2507,07.08.–11.08.,39,23,8,8,9,8,NA
BT13170816N,YouGov,2017-08-16,1538,11.08.–15.08.,37,25,7,9,9,9,NA
BT03170819S,Verian,2017-08-19,1426,10.08.–16.08.,39,24,8,8,9,7,NA
BT02170823X,Forsa,2017-08-23,2501,14.08.–18.08.,38,24,7,8,9,9,NA
BT01170824F,Infratest dimap,2017-08-24,1035,22.08.–23.08.,38,22,8,9,9,10,NA
BT13170824O,YouGov,2017-08-24,1520,18.08.–22.08.,37,25,7,8,9,9,NA
BT03170826T,Verian,2017-08-26,1979,17.08.–23.08.,38,23,7,9,9,8,NA
BT02170830Y,Forsa,2017-08-30,2501,21.08.–25.08.,38,24,7,8,9,9,NA
BT13170830P,YouGov,2017-08-30,1557,25.08.–29.08.,36,25,7,7,10,10,NA
BT01170831G,Infratest dimap,2017-08-31,1411,28.08.–30.08.,37,23,8,8,9,11,NA
BT03170902U,Verian,2017-09-02,1889,24.08.–30.08.,38,24,8,8,9,8,NA
BT02170906A,Forsa,2017-09-06,2503,28.08.–01.09.,38,23,8,8,9,9,NA
BT13170906B,YouGov,2017-09-06,1617,04.09.–06.09.,34,24,7,9,9,11,NA
BT01170907H,Infratest dimap,2017-09-07,1503,04.09.–06.09.,37,21,8,9,10,11,NA
BT02170908B,Forsa,2017-09-08,2001,04.09.–07.09.,37,23,8,9,10,9,NA
BT03170909V,Verian,2017-09-09,1869,31.08.–06.09.,37,24,8,8,9,9,NA
BT02170913C,Forsa,2017-09-13,2505,04.09.–08.09.,37,23,8,8,10,9,NA
BT13170913C,YouGov,2017-09-13,1600,08.09.–12.09.,36,23,8,9,10,10,NA
BT01170914I,Infratest dimap,2017-09-14,1503,12.09.–13.09.,37,20,7.5,9.5,9,12,NA
BT03170916W,Verian,2017-09-16,1888,07.09.–13.09.,36,22,8,9,10,11,NA
BT02170919D,Forsa,2017-09-19,2501,11.09.–15.09.,36,23,8,9,10,9,NA
BT13170921D,YouGov,2017-09-21,1862,15.09.–19.09.,36,23,7,9,10,10,NA
BT03170922X,Verian,2017-09-22,1994,14.09.–21.09.,35,22,8,9,10,11,NA
BT02170922E,Forsa,2017-09-22,2006,18.09.–21.09.,36,22,7,9.5,9.5,11,NA
BT06170929K,Forschungsgruppe Wahlen,2017-09-29,1425,26.09.–28.09.,32,21,11,10,10,12,NA
BT03170930Y,Verian,2017-09-30,1038,25.09.–27.09.,33,21,10,11,10,12,NA
BT02171004F,Forsa,2017-10-04,2005,25.09.–29.09.,32,20,10,11,10,12,NA
BT03171007A,Verian,2017-10-07,1490,28.09.–04.10.,32,22,9,10,10,12,NA
BT02171011G,Forsa,2017-10-11,2001,02.10.–06.10.,32,20,11,11,9,12,NA
BT01171012J,Infratest dimap,2017-10-12,1506,09.10.–11.10.,32,20,10,11,10,11,NA
BT06171013L,Forschungsgruppe Wahlen,2017-10-13,1180,10.10.–12.10.,31,21,11,11,10,12,NA
BT03171014B,Verian,2017-10-14,1960,05.10.–11.10.,31,21,10,11,10,12,NA
BT02171018H,Forsa,2017-10-18,2501,09.10.–13.10.,32,20,11,11,9,12,NA
BT04171019L,GMS,2017-10-19,1005,12.10.–18.10.,31,21,9,12,10,13,NA
BT01171020K,Infratest dimap,2017-10-20,1026,16.10.–18.10.,31,21,11,12,9,12,NA
BT03171021C,Verian,2017-10-21,2304,12.10.–18.10.,32,21,10,11,9,12,NA
BT09171025X,Allensbach,2017-10-25,1454,07.10.–19.10.,33,20.5,9.5,12,9,12,NA
BT02171025I,Forsa,2017-10-25,2503,16.10.–20.10.,31,22,10,11,10,11,NA
BT06171027M,Forschungsgruppe Wahlen,2017-10-27,1325,24.10.–26.10.,33,21,11,10,9,12,NA
BT03171028D,Verian,2017-10-28,2296,19.10.–25.10.,31,22,10,11,9,12,NA
BT02171101J,Forsa,2017-11-01,2500,23.10.–27.10.,33,20,11,11,9,11,NA
BT03171104E,Verian,2017-11-04,1476,26.10.–30.10.,31,21,11,10,10,12,NA
BT02171106K,Forsa,2017-11-06,2005,30.10.–03.11.,32,21,10,11,9,12,NA
BT01171109L,Infratest dimap,2017-11-09,1505,06.11.–08.11.,30,21,11,12,9,13,NA
BT03171111F,Verian,2017-11-11,1392,02.11.–08.11.,30,22,10,11,10,13,NA
BT02171113L,Forsa,2017-11-13,2506,06.11.–10.11.,32,20,10,12,9,12,NA
BT01171116M,Infratest dimap,2017-11-16,1382,10.11.–15.11.,31,21,11,11,10,12,NA
BT06171117N,Forschungsgruppe Wahlen,2017-11-17,1303,14.11.–16.11.,33,21,12,10,9,11,NA
BT03171118G,Verian,2017-11-18,1842,09.11.–15.11.,31,21,11,10,9,13,NA
BT02171120N,Forsa,2017-11-20,1789,20.11.,31,21,12,10,9,12,NA
BT02171120M,Forsa,2017-11-20,2505,13.11.–17.11.,32,20,11,12,8,12,NA
BT01171120N,Infratest dimap,2017-11-20,1011,20.11.,32,22,11,10,10,11,NA
BT03171125H,Verian,2017-11-25,1225,20.11.–23.11.,33,22,10,9,10,11,NA
BT02171127O,Forsa,2017-11-27,2508,20.11.–24.11.,33,19,12,10,9,11,NA
BT13171129E,YouGov,2017-11-29,1570,24.11.–28.11.,32,21,10,9,10,13,NA
BT09171130Y,Allensbach,2017-11-30,1299,22.11.–27.11.,33,21.5,11,10,9,11,NA
BT03171202I,Verian,2017-12-02,1888,23.11.–29.11.,33,21,10,9,10,12,NA
BT02171204P,Forsa,2017-12-04,2502,27.11.–01.12.,34,20,13,8,9,10,NA
BT04171204M,GMS,2017-12-04,1010,28.11.–01.12.,32,21,10,10,10,13,NA
BT01171207O,Infratest dimap,2017-12-07,1504,04.12.–06.12.,32,21,11,9,10,13,NA
BT06171208O,Forschungsgruppe Wahlen,2017-12-08,1353,05.12.–07.12.,32,23,12,8,9,12,NA
BT03171209J,Verian,2017-12-09,1880,30.11.–06.12.,33,21,11,9,10,12,NA
BT02171210R,Forsa,2017-12-10,1566,09.12.–10.12.,34,20,12,8,9,11,NA
BT02171210Q,Forsa,2017-12-10,2500,04.12.–08.12.,34,20,12,8,9,11,NA
BT01171214P,Infratest dimap,2017-12-14,1029,11.12.–13.12.,32,20,12,9,9,13,NA
BT03171216K,Verian,2017-12-16,1865,07.12.–13.12.,32,22,11,8,9,13,NA
BT02171216S,Forsa,2017-12-16,2501,11.12.–15.12.,33,20,12,8,10,12,NA
BT09171221A,Allensbach,2017-12-21,1443,01.12.–14.12.,34,21,11.5,10,9,11,NA
BT03171223L,Verian,2017-12-23,1861,14.12.–20.12.,33,21,11,8,10,12,NA
BT02171227T,Forsa,2017-12-27,2504,18.12.–22.12.,34,19,12,8,10,12,NA
BT13171228G,YouGov,2017-12-28,1489,25.12.–27.12.,33,21,10,9,10,13,NA
BT04180103N,GMS,2018-01-03,1005,27.12.–02.01.,32,20,11,9,10,14,NA
BT01180104Q,Infratest dimap,2018-01-04,1506,02.01.–03.01.,33,21,11,9,9,13,NA
BT03180106M,Verian,2018-01-06,1440,21.12.–03.01.,33,20,12,9,9,12,NA
BT02180107U,Forsa,2018-01-07,2003,02.01.–05.01.,34,20,12,9,9,10,NA
BT03180113N,Verian,2018-01-13,1899,04.01.–10.01.,34,21,11,8,9,13,NA
BT02180115V,Forsa,2018-01-15,2501,08.01.–12.01.,33,20,12,9,9,11,NA
BT02180118W,Forsa,2018-01-18,1504,15.01.–17.01.,34,18,12,8,10,12,NA
BT06180119P,Forschungsgruppe Wahlen,2018-01-19,1332,16.01.–18.01.,33,20,12,8,10,12,NA
BT03180120O,Verian,2018-01-20,1419,11.01.–17.01.,33,21,10,8,10,13,NA
BT02180121X,Forsa,2018-01-21,2501,15.01.–19.01.,34,18,12,8,10,12,NA
BT02180122Y,Forsa,2018-01-22,1282,22.01.,34,17,12,8,11,13,NA
BT09180125B,Allensbach,2018-01-25,1221,05.01.–18.01.,34,21,10.5,10,8.5,12,NA
BT01180125R,Infratest dimap,2018-01-25,1043,22.01.–24.01.,33,19,11,10,10,12,NA
BT13180125H,YouGov,2018-01-25,1566,19.01.–23.01.,34,19,10,8,11,14,NA
BT03180127P,Verian,2018-01-27,1513,18.01.–24.01.,34,20,11,8,10,12,NA
BT02180129A,Forsa,2018-01-29,2505,22.01.–26.01.,34,18,12,9,10,12,NA
BT01180201S,Infratest dimap,2018-02-01,1502,29.01.–31.01.,33,18,11,10,11,14,NA
BT06180202Q,Forschungsgruppe Wahlen,2018-02-02,1302,30.01.–01.02.,31,19,14,7,11,14,NA
BT03180203Q,Verian,2018-02-03,1247,25.01.–31.01.,33,20,11,9,10,13,NA
BT02180205B,Forsa,2018-02-05,2507,29.01.–02.02.,33,18,13,9,9,13,NA
BT04180208O,GMS,2018-02-08,1007,01.02.–07.02.,32,18,13,9,9,14,NA
BT02180209C,Forsa,2018-02-09,1003,07.02.–08.02.,31,18,13,10,10,13,NA
BT03180210R,Verian,2018-02-10,1226,01.02.–07.02.,34,20,11,9,9,12,NA
BT01180215T,Infratest dimap,2018-02-15,1001,13.02.–15.02.,33,16,13,9,11,15,NA
BT03180217S,Verian,2018-02-17,1478,08.02.–14.02.,33,19,11,9,10,14,NA
BT02180217D,Forsa,2018-02-17,2501,12.02.–16.02.,34,16,13,9,10,13,NA
BT01180222U,Infratest dimap,2018-02-22,1052,20.02.–21.02.,34,17,12,9,10,14,NA
BT09180223C,Allensbach,2018-02-23,1271,02.02.–15.02.,32,17.5,12,11,9.5,13,NA
BT06180223R,Forschungsgruppe Wahlen,2018-02-23,1360,20.02.–22.02.,33,17,12,8,11,14,NA
BT03180224T,Verian,2018-02-24,1985,15.02.–21.02.,33,17,11,10,11,15,NA
BT02180224E,Forsa,2018-02-24,2506,19.02.–23.02.,35,18,12,9,9,13,NA
BT13180228I,YouGov,2018-02-28,1585,26.02.–28.02.,32,16,12,8,12,16,NA
BT01180301V,Infratest dimap,2018-03-01,1502,26.02.–28.02.,34,18,11,9,9,15,NA
BT03180303U,Verian,2018-03-03,1890,22.02.–28.02.,33,16,12,9,11,15,NA
BT02180303F,Forsa,2018-03-03,2505,26.02.–02.03.,35,18,12,9,9,13,NA
BT02180305G,Forsa,2018-03-05,1502,04.03.–05.03.,34,19,12,9,9,13,NA
BT03180310V,Verian,2018-03-10,1869,01.03.–07.03.,33,19,12,8,10,13,NA
BT02180311H,Forsa,2018-03-11,2507,05.03.–09.03.,34,18,13,9,10,12,NA
BT06180316S,Forschungsgruppe Wahlen,2018-03-16,1214,13.03.–15.03.,32,19,12,9,11,13,NA
BT03180317W,Verian,2018-03-17,1959,08.03.–14.03.,33,19,11,9,10,14,NA
BT02180317I,Forsa,2018-03-17,2502,12.03.–16.03.,34,19,11,8,10,13,NA
BT09180321D,Allensbach,2018-03-21,1256,02.03.–15.03.,34,19,11,10,10,12.5,NA
BT04180322P,GMS,2018-03-22,1003,16.03.–21.03.,33,18,11,10,10,13,NA
BT01180322W,Infratest dimap,2018-03-22,1038,20.03.–21.03.,33,19,12,9,10,13,NA
BT03180324X,Verian,2018-03-24,1972,15.03.–21.03.,34,18,12,9,10,13,NA
BT02180324J,Forsa,2018-03-24,2502,19.03.–23.03.,31,19,12,9,11,14,NA
BT13180328J,YouGov,2018-03-28,1579,23.03.–27.03.,34,17,11,8,11,15,NA
BT03180331Y,Verian,2018-03-31,1982,22.03.–28.03.,34,18,12,8,11,12,NA
BT02180331K,Forsa,2018-03-31,2003,26.03.–29.03.,33,18,12,9,10,13,NA
BT01180405X,Infratest dimap,2018-04-05,1503,03.04.–04.04.,33,18,12,9,10,14,NA
BT03180407A,Verian,2018-04-07,1414,29.03.–05.04.,34,17,12,8,11,13,NA
BT02180407L,Forsa,2018-04-07,2005,03.04.–06.04.,32,20,11,9,10,13,NA
BT06180413T,Forschungsgruppe Wahlen,2018-04-13,1159,10.04.–12.04.,33,19,14,8,9,13,NA
BT03180414B,Verian,2018-04-14,1786,05.04.–11.04.,33,18,11,9,11,14,NA
BT02180414M,Forsa,2018-04-14,2506,09.04.–13.04.,34,19,12,9,10,12,NA
BT01180419Y,Infratest dimap,2018-04-19,1039,16.04.–18.04.,32,17,12,10,10,15,NA
BT03180421C,Verian,2018-04-21,2437,12.04.–18.04.,33,18,12,9,11,13,NA
BT02180423N,Forsa,2018-04-23,2503,16.04.–20.04.,34,18,13,9,10,12,NA
BT09180425E,Allensbach,2018-04-25,1279,03.04.–17.04.,34,20.5,11,10,9,12,NA
BT13180425K,YouGov,2018-04-25,1573,20.04.–24.04.,32,18,12,9,10,15,NA
BT06180427U,Forschungsgruppe Wahlen,2018-04-27,1285,24.04.–26.04.,34,20,13,7,10,13,NA
BT04180427Q,GMS,2018-04-27,1005,20.04.–26.04.,33,17,12,9,11,13,NA
BT03180428D,Verian,2018-04-28,2350,19.04.–25.04.,32,18,12,9,11,14,NA
BT02180428O,Forsa,2018-04-28,2507,23.04.–27.04.,34,17,13,9,10,12,NA
BT03180505E,Verian,2018-05-05,1507,26.04.–02.05.,34,17,12,8,10,14,NA
BT02180505P,Forsa,2018-05-05,2003,30.04.–04.05.,34,18,11,9,10,13,NA
BT01180509A,Infratest dimap,2018-05-09,1507,07.05.–08.05.,32,18,13,8,9,15,NA
BT03180512F,Verian,2018-05-12,1489,03.05.–08.05.,33,17,12,9,10,14,NA
BT02180512Q,Forsa,2018-05-12,2004,07.05.–11.05.,34,17,13,8,10,13,NA
BT09180517F,Allensbach,2018-05-17,1253,24.04.–08.05.,34,20,11,9,10,11.5,NA
BT04180517R,GMS,2018-05-17,1003,11.05.–16.05.,34,16,12,9,10,14,NA
BT01180517B,Infratest dimap,2018-05-17,1009,14.05.–16.05.,33,17,13,8,10,14,NA
BT06180518V,Forschungsgruppe Wahlen,2018-05-18,1200,15.05.–17.05.,34,20,12,8,9,14,NA
BT03180519G,Verian,2018-05-19,2030,09.05.–16.05.,33,17,13,9,10,14,NA
BT02180519R,Forsa,2018-05-19,2502,14.05.–18.05.,33,18,12,9,9,13,NA
BT03180526H,Verian,2018-05-26,1946,17.05.–23.05.,33,17,13,8,11,14,NA
BT02180527S,Forsa,2018-05-27,2002,22.05.–25.05.,33,18,13,8,10,13,NA
BT13180530L,YouGov,2018-05-30,1556,25.05.–29.05.,33,17,11,9,11,16,NA
BT03180602I,Verian,2018-06-02,1397,24.05.–29.05.,32,18,13,7,11,15,NA
BT02180602T,Forsa,2018-06-02,2506,28.05.–01.06.,34,18,12,8,10,13,NA
BT06180608W,Forschungsgruppe Wahlen,2018-06-08,1284,05.06.–07.06.,33,20,13,8,10,13,NA
BT03180609J,Verian,2018-06-09,1950,30.05.–06.06.,32,19,12,8,11,14,NA
BT02180609U,Forsa,2018-06-09,2504,04.06.–08.06.,33,18,12,9,10,13,NA
BT01180614C,Infratest dimap,2018-06-14,1506,11.06.–13.06.,31,18,13,8,10,15,NA
BT03180616K,Verian,2018-06-16,2310,07.06.–13.06.,33,18,11,8,11,15,NA
BT02180616W,Forsa,2018-06-16,1001,14.06.–15.06.,30,16,14,10,9,15,NA
BT02180616V,Forsa,2018-06-16,1501,11.06.–13.06.,34,18,12,9,8,13,NA
BT09180620G,Allensbach,2018-06-20,1279,01.06.–13.06.,33,21,11,9.5,9.5,13,NA
BT03180623L,Verian,2018-06-23,2336,14.06.–20.06.,31,18,12,9,10,16,NA
BT02180624X,Forsa,2018-06-24,2503,18.06.–22.06.,30,17,13,9,10,15,NA
BT01180627D,Infratest dimap,2018-06-27,1025,25.06.–26.06.,32,19,13,8,9,14,NA
BT13180627M,YouGov,2018-06-27,1525,22.06.–26.06.,30,17,12,10,11,16,NA
BT06180629X,Forschungsgruppe Wahlen,2018-06-29,1290,25.06.–28.06.,32,18,14,9,10,14,NA
BT03180630M,Verian,2018-06-30,1954,21.06.–28.06.,32,19,12,9,9,14,NA
BT02180630Y,Forsa,2018-06-30,2508,25.06.–29.06.,31,17,12,10,10,15,NA
BT01180705E,Infratest dimap,2018-07-05,1505,03.07.–04.07.,30,18,14,8,9,16,NA
BT03180707N,Verian,2018-07-07,1894,28.06.–04.07.,30,17,12,9,9,17,NA
BT02180707A,Forsa,2018-07-07,2502,02.07.–06.07.,30,17,13,10,9,16,NA
BT04180712S,GMS,2018-07-12,1006,05.07.–11.07.,30,17,12,9,10,17,NA
BT06180713Y,Forschungsgruppe Wahlen,2018-07-13,1340,09.07.–12.07.,31,18,14,7,11,15,NA
BT03180714O,Verian,2018-07-14,2368,05.07.–11.07.,30,18,12,9,10,16,NA
BT02180714B,Forsa,2018-07-14,2505,09.07.–13.07.,31,17,13,9,9,16,NA
BT09180717H,Allensbach,2018-07-17,1295,01.07.–12.07.,30.5,20,12,9.5,9,15,NA
BT03180721P,Verian,2018-07-21,2476,12.07.–18.07.,30,19,12,9,10,15,NA
BT02180721C,Forsa,2018-07-21,2505,16.07.–20.07.,31,18,13,8,10,15,NA
BT13180725N,YouGov,2018-07-25,1520,20.07.–24.07.,30,17,12,9,11,17,NA
BT01180726F,Infratest dimap,2018-07-26,1047,24.07.–25.07.,30,18,15,8,8,16,NA
BT03180728Q,Verian,2018-07-28,2001,19.07.–25.07.,29,18,14,9,10,15,NA
BT02180728D,Forsa,2018-07-28,2505,23.07.–27.07.,32,18,13,9,9,14,NA
BT04180801T,GMS,2018-08-01,1005,25.07.–31.07.,30,17,13,10,10,16,NA
BT01180802G,Infratest dimap,2018-08-02,1508,30.07.–01.08.,29,18,15,7,9,17,NA
BT03180804R,Verian,2018-08-04,2478,26.07.–01.08.,30,18,15,8,9,15,NA
BT02180804E,Forsa,2018-08-04,2508,30.07.–03.08.,31,18,13,10,9,14,NA
BT06180810A,Forschungsgruppe Wahlen,2018-08-10,1294,07.08.–09.08.,31,18,15,8,9,16,NA
BT03180811S,Verian,2018-08-11,2502,02.08.–08.08.,31,17,15,8,10,14,NA
BT02180811F,Forsa,2018-08-11,2505,06.08.–10.08.,30,18,15,10,9,14,NA
BT09180815I,Allensbach,2018-08-15,1295,27.07.–09.08.,31,20,12.5,9,9,14.5,NA
BT03180818T,Verian,2018-08-18,2942,09.08.–15.08.,30,17,15,9,9,15,NA
BT02180818G,Forsa,2018-08-18,2503,13.08.–17.08.,30,18,15,9,10,14,NA
BT01180823H,Infratest dimap,2018-08-23,1047,20.08.–22.08.,29,18,14,8,9,17,NA
BT03180825U,Verian,2018-08-25,1891,16.08.–22.08.,30,18,15,9,9,14,NA
BT02180825H,Forsa,2018-08-25,2502,20.08.–24.08.,30,18,15,8,10,14,NA
BT13180830O,YouGov,2018-08-30,1538,24.08.–28.08.,28,17,13,9,11,17,NA
BT06180831B,Forschungsgruppe Wahlen,2018-08-31,1216,28.08.–30.08.,31,18,14,8,8,17,NA
BT03180901V,Verian,2018-09-01,2390,23.08.–29.08.,30,19,14,9,9,15,NA
BT02180901I,Forsa,2018-09-01,2503,27.08.–31.08.,30,17,16,8,8,16,NA
BT01180906I,Infratest dimap,2018-09-06,1502,03.09.–05.09.,29,18,14,8,10,16,NA
BT03180908W,Verian,2018-09-08,2472,30.08.–05.09.,29,17,14,9,10,15,NA
BT02180908J,Forsa,2018-09-08,2507,03.09.–07.09.,31,16,15,9,10,14,NA
BT04180911U,GMS,2018-09-11,1003,04.09.–10.09.,29,17,14,9,9,16,NA
BT06180914C,Forschungsgruppe Wahlen,2018-09-14,1339,11.09.–13.09.,30,20,16,7,8,15,NA
BT03180915X,Verian,2018-09-15,1978,06.09.–12.09.,30,18,13,9,10,15,NA
BT02180915K,Forsa,2018-09-15,2507,10.09.–14.09.,30,18,16,8,10,13,NA
BT09180918J,Allensbach,2018-09-18,1258,01.09.–13.09.,31.5,19.5,12.5,8.5,9,15,NA
BT01180920J,Infratest dimap,2018-09-20,1035,17.09.–19.09.,28,17,15,9,10,18,NA
BT03180922Y,Verian,2018-09-22,2368,13.09.–19.09.,28,17,14,9,11,16,NA
BT02180922L,Forsa,2018-09-22,2502,17.09.–21.09.,28,17,16,9,10,15,NA
BT04180927V,GMS,2018-09-27,1005,20.09.–26.09.,27,16,15,9,10,18,NA
BT13180927P,YouGov,2018-09-27,1504,21.09.–25.09.,27,17,14,9,11,18,NA
BT06180928D,Forschungsgruppe Wahlen,2018-09-28,1260,25.09.–27.09.,28,17,17,8,10,16,NA
BT03180929A,Verian,2018-09-29,1902,20.09.–26.09.,27,16,15,10,11,17,NA
BT02180929M,Forsa,2018-09-29,2501,24.09.–28.09.,28,16,17,9,10,15,NA
BT03181006B,Verian,2018-10-06,1515,27.09.–02.10.,27,17,16,9,10,16,NA
BT02181006N,Forsa,2018-10-06,2002,01.10.–05.10.,28,16,18,9,10,14,NA
BT04181011W,GMS,2018-10-11,1007,04.10.–10.10.,27,15,16,10,10,18,NA
BT01181011K,Infratest dimap,2018-10-11,1508,08.10.–10.10.,26,15,17,10,10,16,NA
BT03181013C,Verian,2018-10-13,1899,04.10.–10.10.,26,17,17,9,11,15,NA
BT02181013O,Forsa,2018-10-13,2504,08.10.–12.10.,28,16,19,9,9,14,NA
BT09181018K,Allensbach,2018-10-18,1259,28.09.–11.10.,29,19,15,8.5,9,15,NA
BT01181018L,Infratest dimap,2018-10-18,1040,16.10.–17.10.,25,14,19,11,9,16,NA
BT06181019E,Forschungsgruppe Wahlen,2018-10-19,1117,16.10.–18.10.,27,14,20,8,10,16,NA
BT03181020D,Verian,2018-10-20,1609,11.10.–17.10.,25,15,19,10,10,15,NA
BT02181020P,Forsa,2018-10-20,2502,15.10.–19.10.,27,14,21,9,9,15,NA
BT03181027E,Verian,2018-10-27,1905,18.10.–24.10.,24,15,20,10,10,16,NA
BT02181027Q,Forsa,2018-10-27,2509,22.10.–26.10.,26,14,21,9,10,14,NA
BT03181103F,Verian,2018-11-03,1815,25.10.–31.10.,25,14,21,9,10,15,NA
BT02181103R,Forsa,2018-11-03,2502,29.10.–02.11.,27,13,24,9,9,13,NA
BT13181107Q,YouGov,2018-11-07,1542,28.10.–04.11.,25,14,21,10,10,16,NA
BT06181109F,Forschungsgruppe Wahlen,2018-11-09,1200,06.11.–08.11.,27,14,22,9,9,14,NA
BT03181110G,Verian,2018-11-10,1518,05.11.–07.11.,25,15,22,8,9,15,NA
BT02181111S,Forsa,2018-11-11,2504,05.11.–09.11.,27,14,23,9,9,13,NA
BT01181115M,Infratest dimap,2018-11-15,1506,12.11.–14.11.,26,14,23,8,9,14,NA
BT03181117H,Verian,2018-11-17,1987,08.11.–14.11.,26,15,21,8,9,15,NA
BT02181117T,Forsa,2018-11-17,2503,12.11.–16.11.,28,14,23,9,9,12,NA
BT06181123G,Forschungsgruppe Wahlen,2018-11-23,1336,20.11.–22.11.,27,14,22,8,9,16,NA
BT03181124I,Verian,2018-11-24,2361,15.11.–21.11.,26,15,21,9,9,15,NA
BT02181124U,Forsa,2018-11-24,2507,19.11.–23.11.,27,14,23,9,8,14,NA
BT13181128R,YouGov,2018-11-28,1580,23.11.–27.11.,27,15,21,9,10,14,NA
BT01181129N,Infratest dimap,2018-11-29,1052,27.11.–28.11.,28,14,21,9,8,15,NA
BT09181130L,Allensbach,2018-11-30,1242,02.11.–15.11.,28,17,19,9.5,9,13.5,NA
BT03181201J,Verian,2018-12-01,1531,22.11.–28.11.,28,15,19,9,9,15,NA
BT02181201V,Forsa,2018-12-01,2505,26.11.–30.11.,27,14,22,9,8,14,NA
BT01181206O,Infratest dimap,2018-12-06,1502,03.12.–05.12.,30,14,20,8,8,14,NA
BT02181207W,Forsa,2018-12-07,2006,03.12.–06.12.,29,14,22,8,8,13,NA
BT03181208K,Verian,2018-12-08,2469,29.11.–05.12.,29,15,19,9,9,14,NA
BT02181210X,Forsa,2018-12-10,1506,07.12.–09.12.,32,14,19,8,8,13,NA
BT04181213X,GMS,2018-12-13,1005,06.12.–12.12.,30,14,19,9,9,15,NA
BT01181213P,Infratest dimap,2018-12-13,1048,11.12.–12.12.,31,15,20,8,8,13,NA
BT06181214H,Forschungsgruppe Wahlen,2018-12-14,1268,11.12.–13.12.,30,15,19,7,9,15,NA
BT03181215L,Verian,2018-12-15,1997,06.12.–12.12.,30,15,20,8,8,14,NA
BT02181215Y,Forsa,2018-12-15,2507,10.12.–14.12.,32,15,19,8,8,12,NA
BT09181220M,Allensbach,2018-12-20,1295,01.12.–12.12.,29,16.5,19,8.5,9,14,NA
BT03181222M,Verian,2018-12-22,1889,13.12.–19.12.,29,15,19,9,9,14,NA
BT02181222A,Forsa,2018-12-22,2504,17.12.–21.12.,31,14,20,8,8,13,NA
BT13181228S,YouGov,2018-12-28,1665,21.12.–27.12.,30,16,18,8,10,14,NA
BT02190105B,Forsa,2019-01-05,1503,02.01.–04.01.,32,15,19,8,9,12,NA
BT01190110Q,Infratest dimap,2019-01-10,1505,07.01.–09.01.,29,15,20,9,9,14,NA
BT06190111I,Forschungsgruppe Wahlen,2019-01-11,1267,08.01.–10.01.,29,14,21,8,9,14,NA
BT03190112N,Verian,2019-01-12,1964,03.01.–09.01.,31,15,18,8,9,14,NA
BT02190112C,Forsa,2019-01-12,2504,07.01.–11.01.,32,15,19,9,8,12,NA
BT03190119O,Verian,2019-01-19,1448,10.01.–16.01.,30,15,18,8,9,14,NA
BT02190119D,Forsa,2019-01-19,2503,14.01.–18.01.,32,15,19,9,8,12,NA
BT09190123N,Allensbach,2019-01-23,1249,05.01.–17.01.,31.5,16.5,18,8.5,8.5,13,NA
BT04190124Y,GMS,2019-01-24,1003,16.01.–23.01.,31,14,19,10,9,13,NA
BT01190124R,Infratest dimap,2019-01-24,1051,22.01.–23.01.,28,15,20,9,8,15,NA
BT06190125J,Forschungsgruppe Wahlen,2019-01-25,1285,22.01.–24.01.,31,14,20,8,9,13,NA
BT03190126P,Verian,2019-01-26,2017,17.01.–23.01.,29,16,19,9,9,14,NA
BT02190126E,Forsa,2019-01-26,2501,21.01.–25.01.,32,14,20,9,9,11,NA
BT13190131T,YouGov,2019-01-31,1578,25.01.–29.01.,32,15,18,8,9,14,NA
BT03190202Q,Verian,2019-02-02,1434,24.01.–30.01.,29,16,18,10,8,15,NA
BT02190202F,Forsa,2019-02-02,2501,28.01.–01.02.,32,15,19,9,8,12,NA
BT06190208K,Forschungsgruppe Wahlen,2019-02-08,1350,05.02.–07.02.,30,16,20,8,9,12,NA
BT03190209R,Verian,2019-02-09,1900,31.01.–06.02.,30,17,17,9,9,13,NA
BT02190209G,Forsa,2019-02-09,2500,04.02.–08.02.,31,15,19,10,8,12,NA
BT01190214S,Infratest dimap,2019-02-14,1503,11.02.–13.02.,29,17,19,9,8,13,NA
BT03190216S,Verian,2019-02-16,1891,07.02.–13.02.,30,19,15,8,10,13,NA
BT02190216H,Forsa,2019-02-16,2501,11.02.–15.02.,29,17,21,10,6,12,NA
BT09190219O,Allensbach,2019-02-19,1222,01.02.–13.02.,30,18,18.5,8,8,13.5,NA
BT01190221T,Infratest dimap,2019-02-21,1029,19.02.–20.02.,30,18,18,8,8,12,NA
BT06190222L,Forschungsgruppe Wahlen,2019-02-22,1266,19.02.–21.02.,31,15,20,7,9,13,NA
BT03190223T,Verian,2019-02-23,1511,14.02.–20.02.,29,19,16,9,9,13,NA
BT02190223I,Forsa,2019-02-23,2501,18.02.–22.02.,30,16,20,9,7,12,NA
BT13190227V,YouGov,2019-02-27,1620,22.02.–26.02.,30,18,17,9,9,13,NA
BT04190228A,GMS,2019-02-28,1005,21.02.–27.02.,31,16,18,9,9,14,NA
BT03190302U,Verian,2019-03-02,1420,21.02.–27.02.,29,18,16,8,10,14,NA
BT02190304J,Forsa,2019-03-04,2502,25.02.–01.03.,30,16,20,9,8,11,NA
BT03190309V,Verian,2019-03-09,1906,28.02.–06.03.,31,17,16,8,9,14,NA
BT02190309K,Forsa,2019-03-09,2501,04.03.–08.03.,31,15,19,9,8,12,NA
BT01190314U,Infratest dimap,2019-03-14,1508,11.03.–13.03.,29,17,19,8,9,13,NA
BT06190315M,Forschungsgruppe Wahlen,2019-03-15,1290,12.03.–14.03.,31,16,19,8,8,12,NA
BT03190316W,Verian,2019-03-16,1904,07.03.–13.03.,31,16,17,8,9,13,NA
BT02190316L,Forsa,2019-03-16,2505,11.03.–15.03.,31,15,19,10,7,12,NA
BT01190321V,Infratest dimap,2019-03-21,1041,19.03.–20.03.,29,18,19,9,8,12,NA
BT03190323X,Verian,2019-03-23,1518,14.03.–20.03.,31,17,17,8,8,14,NA
BT02190323M,Forsa,2019-03-23,2501,18.03.–22.03.,30,16,20,9,8,11,NA
BT09190327P,Allensbach,2019-03-27,1198,07.03.–21.03.,30,18,19,8.5,8.5,12,NA
BT06190328N,Forschungsgruppe Wahlen,2019-03-28,1325,25.03.–27.03.,30,15,19,9,9,13,NA
BT13190328A,YouGov,2019-03-28,1633,22.03.–26.03.,30,18,17,9,9,12,NA
BT03190330Y,Verian,2019-03-30,2361,21.03.–27.03.,30,16,17,9,9,13,NA
BT02190330N,Forsa,2019-03-30,2504,25.03.–29.03.,28,16,20,10,8,12,NA
BT04190404B,GMS,2019-04-04,1003,28.03.–03.04.,30,15,18,10,9,13,NA
BT01190404W,Infratest dimap,2019-04-04,1503,01.04.–03.04.,29,17,20,9,8,12,NA
BT03190406A,Verian,2019-04-06,2335,28.03.–03.04.,31,17,18,8,9,12,NA
BT02190406O,Forsa,2019-04-06,2501,01.04.–05.04.,29,16,20,10,8,12,NA
BT06190412O,Forschungsgruppe Wahlen,2019-04-12,1282,09.04.–11.04.,28,17,20,8,9,13,NA
BT03190413B,Verian,2019-04-13,2559,04.04.–10.04.,30,17,17,9,9,12,NA
BT02190413P,Forsa,2019-04-13,2501,08.04.–12.04.,29,16,19,10,8,12,NA
BT01190417X,Infratest dimap,2019-04-17,1051,15.04.–16.04.,29,16,21,8,8,13,NA
BT09190418Q,Allensbach,2019-04-18,1305,01.04.–12.04.,30,18.5,18,9,8,12.5,NA
BT03190420C,Verian,2019-04-20,2709,11.04.–17.04.,28,18,19,8,9,13,NA
BT02190422Q,Forsa,2019-04-22,2004,15.04.–18.04.,28,17,19,9,8,13,NA
BT03190427D,Verian,2019-04-27,1433,18.04.–24.04.,28,17,18,9,10,13,NA
BT02190429R,Forsa,2019-04-29,2009,18.04.–24.04.,27,17,20,8,9,13,NA
BT01190502Y,Infratest dimap,2019-05-02,1505,29.04.–30.04.,28,18,20,8,9,12,NA
BT13190503C,YouGov,2019-05-03,1642,26.04.–29.04.,29,18,17,9,9,13,NA
BT03190504E,Verian,2019-05-04,1903,25.04.–30.04.,28,17,19,9,9,13,NA
BT02190506S,Forsa,2019-05-06,2002,29.04.–03.05.,29,15,20,8,9,13,NA
BT04190509C,GMS,2019-05-09,1006,02.05.–08.05.,29,17,19,8,9,13,NA
BT06190510P,Forschungsgruppe Wahlen,2019-05-10,1357,07.05.–09.05.,30,16,20,7,8,14,NA
BT03190511F,Verian,2019-05-11,2393,02.05.–08.05.,29,16,19,9,9,13,NA
BT02190513T,Forsa,2019-05-13,2502,06.05.–10.05.,30,15,20,8,8,13,NA
BT03190518G,Verian,2019-05-18,1975,09.05.–15.05.,29,16,18,9,9,13,NA
BT02190520U,Forsa,2019-05-20,2503,13.05.–17.05.,29,16,19,8,9,13,NA
BT09190523R,Allensbach,2019-05-23,1283,03.05.–16.05.,30,17.5,17,9,8.5,13,NA
BT13190523D,YouGov,2019-05-23,1609,17.05.–21.05.,29,18,18,8,9,12,NA
BT03190525H,Verian,2019-05-25,1895,16.05.–22.05.,29,17,17,9,9,13,NA
BT02190527V,Forsa,2019-05-27,2500,20.05.–24.05.,28,17,18,8,8,13,NA
BT03190601I,Verian,2019-06-01,1413,23.05.–28.05.,28,16,20,8,8,13,NA
BT02190601W,Forsa,2019-06-01,2001,27.05.–31.05.,26,12,27,8,7,11,NA
BT06190606Q,Forschungsgruppe Wahlen,2019-06-06,1297,03.06.–05.06.,27,13,26,7,7,13,NA
BT01190606A,Infratest dimap,2019-06-06,1500,03.06.–05.06.,25,12,26,8,7,13,NA
BT03190608J,Verian,2019-06-08,1903,29.05.–05.06.,27,12,27,8,7,12,NA
BT02190608X,Forsa,2019-06-08,2501,03.06.–07.06.,24,12,27,8,8,12,NA
BT03190615K,Verian,2019-06-15,2377,06.06.–12.06.,25,12,27,8,8,13,NA
BT02190615Y,Forsa,2019-06-15,2001,11.06.–14.06.,24,11,27,9,8,13,NA
BT09190621S,Allensbach,2019-06-21,1273,01.06.–12.06.,29,12,25,8,8,12,NA
BT06190621R,Forschungsgruppe Wahlen,2019-06-21,1291,17.06.–19.06.,27,14,26,7,7,13,NA
BT03190622L,Verian,2019-06-22,1910,13.06.–18.06.,27,12,25,7,8,14,NA
BT02190622A,Forsa,2019-06-22,2500,17.06.–21.06.,24,12,27,8,8,13,NA
BT04190625D,GMS,2019-06-25,1004,18.06.–24.06.,26,13,26,8,8,13,NA
BT01190627B,Infratest dimap,2019-06-27,1051,24.06.–26.06.,26,13,25,9,7,12,NA
BT03190629M,Verian,2019-06-29,1906,21.06.–26.06.,26,13,25,8,8,14,NA
BT02190629B,Forsa,2019-06-29,2501,24.06.–28.06.,26,12,26,8,8,12,NA
BT13190703E,YouGov,2019-07-03,1644,28.06.–02.07.,26,13,25,7,8,13,NA
BT01190704C,Infratest dimap,2019-07-04,1506,01.07.–03.07.,25,13,26,8,8,13,NA
BT03190706N,Verian,2019-07-06,2389,27.06.–03.07.,26,13,24,7,9,14,NA
BT02190706C,Forsa,2019-07-06,2501,01.07.–05.07.,26,12,26,8,8,12,NA
BT03190713O,Verian,2019-07-13,2377,04.07.–10.07.,26,15,24,8,9,13,NA
BT02190713D,Forsa,2019-07-13,2500,08.07.–12.07.,26,13,25,7,8,13,NA
BT06190719S,Forschungsgruppe Wahlen,2019-07-19,1290,16.07.–18.07.,28,13,25,8,8,12,NA
BT03190720P,Verian,2019-07-20,1908,11.07.–17.07.,27,14,22,9,9,13,NA
BT02190720E,Forsa,2019-07-20,2500,15.07.–19.07.,27,13,24,8,8,12,NA
BT04190723E,GMS,2019-07-23,1002,17.07.–22.07.,28,13,25,8,8,12,NA
BT09190724T,Allensbach,2019-07-24,1228,01.07.–11.07.,29.5,14.5,23,7,8.5,11.5,NA
BT01190725D,Infratest dimap,2019-07-25,1046,22.07.–24.07.,26,13,26,9,8,12,NA
BT03190727Q,Verian,2019-07-27,1520,18.07.–24.07.,26,14,23,9,8,13,NA
BT02190727F,Forsa,2019-07-27,2502,22.07.–26.07.,27,13,24,9,7,13,NA
BT13190731F,YouGov,2019-07-31,1594,26.07.–29.07.,26,13,24,8,8,14,NA
BT01190801E,Infratest dimap,2019-08-01,1503,29.07.–31.07.,26,12,26,8,7,14,NA
BT03190803R,Verian,2019-08-03,1419,25.07.–31.07.,26,13,23,9,8,14,NA
BT02190803G,Forsa,2019-08-03,2501,29.07.–02.08.,27,13,23,9,8,13,NA
BT06190809T,Forschungsgruppe Wahlen,2019-08-09,1307,06.08.–08.08.,28,13,25,7,7,13,NA
BT03190810S,Verian,2019-08-10,2388,01.08.–07.08.,26,14,22,9,9,14,NA
BT02190810H,Forsa,2019-08-10,2503,05.08.–09.08.,26,12,25,8,8,13,NA
BT03190817T,Verian,2019-08-17,1897,08.08.–14.08.,27,14,22,8,9,14,NA
BT02190817I,Forsa,2019-08-17,2501,12.08.–16.08.,25,13,24,9,8,13,NA
BT09190821U,Allensbach,2019-08-21,1262,02.08.–15.08.,29.5,13.5,24,7,8,12.5,NA
BT01190822F,Infratest dimap,2019-08-22,1063,20.08.–21.08.,26,14,25,7,7,14,NA
BT03190824U,Verian,2019-08-24,1555,15.08.–21.08.,27,15,23,8,8,14,NA
BT02190824J,Forsa,2019-08-24,2504,19.08.–23.08.,26,14,23,9,8,13,NA
BT03190831V,Verian,2019-08-31,1434,22.08.–28.08.,29,15,22,7,7,14,NA
BT02190831K,Forsa,2019-08-31,2501,26.08.–30.08.,27,15,23,9,7,12,NA
BT06190905U,Forschungsgruppe Wahlen,2019-09-05,1270,02.09.–04.09.,28,15,24,6,7,13,NA
BT01190905G,Infratest dimap,2019-09-05,1514,03.09.–04.09.,27,14,23,7,7,15,NA
BT03190907X,Verian,2019-09-07,1884,29.08.–04.09.,29,16,21,7,8,14,NA
BT02190907L,Forsa,2019-09-07,2503,02.09.–06.09.,27,15,23,8,6,13,NA
BT13190911G,YouGov,2019-09-11,1632,06.09.–10.09.,27,15,22,6,8,14,NA
BT04190913F,GMS,2019-09-13,1005,06.09.–12.09.,27,16,23,7,8,12,NA
BT03190914Y,Verian,2019-09-14,2835,05.09.–11.09.,28,16,21,8,7,15,NA
BT02190914M,Forsa,2019-09-14,2503,09.09.–13.09.,27,15,22,8,7,14,NA
BT09190917V,Allensbach,2019-09-17,1255,01.09.–12.09.,29,15,22,7,8,14,NA
BT01190919H,Infratest dimap,2019-09-19,1067,17.09.–18.09.,27,14,23,8,8,14,NA
BT03190921A,Verian,2019-09-21,1639,12.09.–18.09.,29,15,21,8,8,14,NA
BT02190921N,Forsa,2019-09-21,2500,16.09.–20.09.,27,15,22,8,7,13,NA
BT06190927V,Forschungsgruppe Wahlen,2019-09-27,1325,24.09.–26.09.,27,13,27,6,7,14,NA
BT03190928B,Verian,2019-09-28,1719,19.09.–25.09.,27,16,21,7,8,15,NA
BT02190928O,Forsa,2019-09-28,2505,23.09.–27.09.,27,13,23,9,7,13,NA
BT13191003H,YouGov,2019-10-03,1573,27.09.–01.10.,26,13,22,8,8,15,NA
BT03191005C,Verian,2019-10-05,1449,26.09.–01.10.,27,15,21,8,8,15,NA
BT02191005P,Forsa,2019-10-05,2505,30.09.–04.10.,28,14,22,8,7,13,NA
BT04191008G,GMS,2019-10-08,1002,01.10.–07.10.,27,14,22,8,7,15,NA
BT01191010I,Infratest dimap,2019-10-10,1504,07.10.–09.10.,28,13,24,7,8,14,NA
BT03191012D,Verian,2019-10-12,1916,02.10.–09.10.,28,14,21,7,8,15,NA
BT02191012Q,Forsa,2019-10-12,2500,07.10.–11.10.,27,14,23,8,8,12,NA
BT09191016W,Allensbach,2019-10-16,1238,27.09.–10.10.,29.5,16,23.5,6.5,7,13,NA
BT01191017J,Infratest dimap,2019-10-17,1062,14.10.–16.10.,28,14,22,7,8,14,NA
BT06191018W,Forschungsgruppe Wahlen,2019-10-18,1226,15.10.–17.10.,29,14,24,6,8,13,NA
BT03191019E,Verian,2019-10-19,1444,10.10.–16.10.,29,15,20,7,9,13,NA
BT02191019R,Forsa,2019-10-19,2501,14.10.–18.10.,27,14,22,8,8,13,NA
BT03191026F,Verian,2019-10-26,1441,17.10.–23.10.,29,15,20,8,9,14,NA
BT02191026S,Forsa,2019-10-26,2501,21.10.–25.10.,29,14,20,8,8,13,NA
BT03191102G,Verian,2019-11-02,1920,24.10.–30.10.,27,16,18,9,9,15,NA
BT02191102T,Forsa,2019-11-02,2502,28.10.–01.11.,28,13,20,8,10,13,NA
BT13191106I,YouGov,2019-11-06,1583,31.10.–05.11.,27,13,22,7,10,14,NA
BT01191107K,Infratest dimap,2019-11-07,1507,04.11.–06.11.,26,14,22,8,9,14,NA
BT06191108X,Forschungsgruppe Wahlen,2019-11-08,1264,05.11.–07.11.,27,14,22,7,10,14,NA
BT03191109H,Verian,2019-11-09,1431,30.10.–06.11.,26,16,18,10,10,14,NA
BT02191109U,Forsa,2019-11-09,2501,04.11.–08.11.,26,13,21,9,10,13,NA
BT01191114B,Infratest dimap,2019-11-14,1046,12.11.–13.11.,25,15,22,7,9,14,NA
BT03191116I,Verian,2019-11-16,1525,07.11.–13.11.,27,17,18,8,10,14,NA
BT02191116V,Forsa,2019-11-16,2501,11.11.–15.11.,26,15,19,9,10,13,NA
BT09191119X,Allensbach,2019-11-19,1298,02.11.–13.11.,29.5,14,21.5,7.5,8,14.5,NA
BT03191123J,Verian,2019-11-23,1905,13.11.–20.11.,28,15,20,9,9,13,NA
BT02191123W,Forsa,2019-11-23,2501,18.11.–22.11.,26,14,21,9,9,13,NA
BT13191127J,YouGov,2019-11-27,1648,22.11.–26.11.,26,13,22,7,10,15,NA
BT06191129Y,Forschungsgruppe Wahlen,2019-11-29,1340,26.11.–28.11.,27,13,23,7,10,14,NA
BT03191130K,Verian,2019-11-30,1910,20.11.–27.11.,28,15,20,8,9,14,NA
BT02191130X,Forsa,2019-11-30,2500,25.11.–29.11.,27,14,22,8,8,13,NA
BT04191203H,GMS,2019-12-03,1004,27.11.–02.12.,27,14,21,9,8,15,NA
BT01191205C,Infratest dimap,2019-12-05,1507,02.12.–04.12.,25,13,23,9,8,15,NA
BT03191207L,Verian,2019-12-07,1876,28.11.–04.12.,28,16,20,9,8,13,NA
BT02191207Y,Forsa,2019-12-07,2502,02.12.–06.12.,28,11,22,9,8,14,NA
BT01191212D,Infratest dimap,2019-12-12,1038,10.12.–11.12.,27,14,21,8,8,15,NA
BT06191213A,Forschungsgruppe Wahlen,2019-12-13,1366,10.12.–12.12.,27,13,23,8,9,14,NA
BT03191214M,Verian,2019-12-14,1978,05.12.–11.12.,28,16,20,9,9,13,NA
BT02191214A,Forsa,2019-12-14,2502,09.12.–13.12.,28,12,22,8,9,13,NA
BT13191218K,YouGov,2019-12-18,1586,13.12.–17.12.,27,13,21,7,10,15,NA
BT09191219Y,Allensbach,2019-12-19,1270,01.12.–11.12.,28.5,15,21,7,8.5,15,NA
BT03191221N,Verian,2019-12-21,1899,12.12.–18.12.,27,15,20,9,9,14,NA
BT02191221B,Forsa,2019-12-21,2501,16.12.–20.12.,28,13,22,8,8,13,NA
BT04200103I,GMS,2020-01-03,1005,27.12.–02.01.,28,13,21,9,8,14,NA
BT01200109E,Infratest dimap,2020-01-09,1506,07.01.–08.01.,27,13,23,9,8,14,NA
BT03200111O,Verian,2020-01-11,1829,19.12.–08.01.,27,14,21,9,9,14,NA
BT02200111D,Forsa,2020-01-11,2503,06.01.–10.01.,28,12,22,9,8,13,NA
BT06200116B,Forschungsgruppe Wahlen,2020-01-16,1282,13.01.–15.01.,27,14,23,7,9,14,NA
BT03200118P,Verian,2020-01-18,2009,09.01.–15.01.,26,15,21,9,9,14,NA
BT02200118E,Forsa,2020-01-18,2504,13.01.–17.01.,28,13,22,8,9,13,NA
BT01200123F,Infratest dimap,2020-01-23,1043,21.01.–22.01.,26,14,24,8,8,14,NA
BT03200125Q,Verian,2020-01-25,2100,16.01.–22.01.,26,14,21,9,10,15,NA
BT02200125F,Forsa,2020-01-25,2507,20.01.–24.01.,28,12,23,9,9,12,NA
BT09200129A,Allensbach,2020-01-29,1273,09.01.–22.01.,28.5,14,23.5,8,8,13,NA
BT03200201R,Verian,2020-02-01,1442,23.01.–29.01.,27,15,21,8,9,14,NA
BT02200201G,Forsa,2020-02-01,2504,27.01.–31.01.,28,12,23,9,9,11,NA
BT01200206G,Infratest dimap,2020-02-06,1503,03.02.–05.02.,27,14,22,8,9,14,NA
BT06200207C,Forschungsgruppe Wahlen,2020-02-07,1067,04.02.–06.02.,27,14,22,6,10,14,NA
BT02200208H,Forsa,2020-02-08,2503,03.02.–07.02.,28,14,23,8,9,10,NA
BT03200209S,Verian,2020-02-09,1889,30.01.–05.02.,28,15,20,8,9,15,NA
BT01200213H,Infratest dimap,2020-02-13,1007,11.02.–13.02.,26,16,22,7,9,14,NA
BT03200215T,Verian,2020-02-15,1886,06.02.–12.02.,28,15,20,6,10,15,NA
BT02200215I,Forsa,2020-02-15,2502,10.02.–14.02.,27,14,24,6,10,11,NA
BT09200219B,Allensbach,2020-02-19,1262,01.02.–12.02.,27.5,14.5,23,8,9.5,13,NA
BT03200222U,Verian,2020-02-22,1417,13.02.–19.02.,27,15,20,7,10,14,NA
BT02200222J,Forsa,2020-02-22,2504,17.02.–21.02.,27,14,24,7,10,10,NA
BT02200229K,Forsa,2020-02-29,2505,24.02.–28.02.,27,16,24,5,10,10,NA
BT03200301V,Verian,2020-03-01,1509,20.02.–27.02.,25,16,22,6,10,14,NA
BT01200305I,Infratest dimap,2020-03-05,1502,02.03.–04.03.,27,16,23,6,9,12,NA
BT06200306D,Forschungsgruppe Wahlen,2020-03-06,1276,03.03.–05.03.,26,16,23,6,8,14,NA
BT13200306L,YouGov,2020-03-06,1632,28.02.–02.03.,27,15,21,6,10,14,NA
BT02200307L,Forsa,2020-03-07,2503,02.03.–06.03.,26,15,24,6,10,11,NA
BT03200308W,Verian,2020-03-08,1423,27.02.–04.03.,24,17,22,7,9,14,NA
BT03200314X,Verian,2020-03-14,1414,04.03.–11.03.,26,17,21,7,8,14,NA
BT02200314M,Forsa,2020-03-14,2503,09.03.–13.03.,29,14,22,6,10,11,NA
BT01200319J,Infratest dimap,2020-03-19,1035,17.03.–18.03.,30,14,23,7,9,10,NA
BT03200321Y,Verian,2020-03-21,1603,12.03.–18.03.,28,16,21,7,9,13,NA
BT02200321N,Forsa,2020-03-21,2504,16.03.–20.03.,32,15,20,7,9,9,NA
BT09200325C,Allensbach,2020-03-25,1219,05.03.–18.03.,29,16.5,23,7,8,11.5,NA
BT02200326O,Forsa,2020-03-26,1502,23.03.–25.03.,36,16,17,6,8,9,NA
BT06200327E,Forschungsgruppe Wahlen,2020-03-27,1473,23.03.–26.03.,33,15,22,6,8,10,NA
BT03200328A,Verian,2020-03-28,1441,18.03.–25.03.,32,18,19,6,9,11,NA
BT02200328P,Forsa,2020-03-28,2511,23.03.–27.03.,36,16,17,6,8,9,NA
BT01200402K,Infratest dimap,2020-04-02,1502,30.03.–01.04.,34,16,22,5,7,10,NA
BT13200403M,YouGov,2020-04-03,1615,27.03.–30.03.,34,16,18,6,9,12,NA
BT03200404B,Verian,2020-04-04,1426,25.03.–01.04.,33,18,18,6,9,11,NA
BT02200404Q,Forsa,2020-04-04,2506,30.03.–03.04.,37,17,16,6,8,9,NA
BT06200409F,Forschungsgruppe Wahlen,2020-04-09,1175,06.04.–08.04.,35,17,20,5,7,10,NA
BT03200411C,Verian,2020-04-11,1912,02.04.–08.04.,37,17,16,6,9,10,NA
BT02200411R,Forsa,2020-04-11,2001,06.04.–09.04.,37,17,16,5,8,10,NA
BT01200416L,Infratest dimap,2020-04-16,1057,14.04.–15.04.,38,17,19,5,7,9,NA
BT03200418D,Verian,2020-04-18,1534,09.04.–15.04.,37,18,16,7,8,9,NA
BT02200418S,Forsa,2020-04-18,2002,14.04.–17.04.,39,16,15,5,8,10,NA
BT09200424D,Allensbach,2020-04-24,1152,01.04.–15.04.,38,16,19,6,7,9,NA
BT06200424G,Forschungsgruppe Wahlen,2020-04-24,1323,20.04.–23.04.,39,16,18,5,7,9,NA
BT03200425E,Verian,2020-04-25,2003,16.04.–22.04.,38,16,15,6,9,11,NA
BT02200425T,Forsa,2020-04-25,2505,20.04.–24.04.,39,16,15,6,8,9,NA
BT04200427J,GMS,2020-04-27,1002,20.04.–27.04.,38,16,16,6,8,10,NA
BT13200430O,YouGov,2020-04-30,1636,23.04.–27.04.,37,16,16,5,9,11,NA
BT03200502F,Verian,2020-05-02,1443,22.04.–29.04.,37,15,15,6,9,12,NA
BT02200502U,Forsa,2020-05-02,2004,27.04.–30.04.,38,17,14,6,8,10,NA
BT01200507M,Infratest dimap,2020-05-07,1503,04.05.–06.05.,39,16,18,5,8,9,NA
BT03200509G,Verian,2020-05-09,1426,30.04.–06.05.,38,17,14,5,8,12,NA
BT02200509V,Forsa,2020-05-09,2503,04.05.–08.05.,40,15,15,6,7,10,NA
BT01200514N,Infratest dimap,2020-05-14,1074,12.05.–13.05.,38,15,18,6,7,10,NA
BT06200515H,Forschungsgruppe Wahlen,2020-05-15,1282,12.05.–14.05.,38,15,18,5,8,10,NA
BT03200516H,Verian,2020-05-16,1559,07.05.–13.05.,39,16,14,6,8,11,NA
BT02200516W,Forsa,2020-05-16,2509,11.05.–15.05.,39,15,16,6,8,9,NA
BT09200522E,Allensbach,2020-05-22,1013,06.05.–14.05.,38,15.5,19,5.5,7,9,NA
BT03200523I,Verian,2020-05-23,1914,14.05.–19.05.,38,16,15,7,8,10,NA
BT02200523X,Forsa,2020-05-23,2002,18.05.–22.05.,40,15,16,5,8,9,NA
BT13200528P,YouGov,2020-05-28,1584,20.05.–26.05.,37,15,16,5,9,11,NA
BT06200529I,Forschungsgruppe Wahlen,2020-05-29,1377,26.05.–28.05.,39,15,19,4,8,9,NA
BT03200530J,Verian,2020-05-30,1934,20.05.–26.05.,40,16,15,8,7,9,NA
BT02200530Y,Forsa,2020-05-30,2500,25.05.–29.05.,40,15,16,5,8,9,NA
BT01200604O,Infratest dimap,2020-06-04,1505,02.06.–03.06.,38,15,19,6,8,9,NA
BT03200606K,Verian,2020-06-06,1428,28.05.–03.06.,38,15,16,7,8,8,NA
BT02200606A,Forsa,2020-06-06,2002,02.06.–05.06.,40,16,15,6,8,8,NA
BT06200612K,Forschungsgruppe Wahlen,2020-06-12,1270,08.06.–10.06.,39,15,20,4,7,9,NA
BT03200613L,Verian,2020-06-13,1934,04.06.–09.06.,39,15,17,7,7,9,NA
BT02200613B,Forsa,2020-06-13,2504,08.06.–13.06.,40,14,17,6,8,8,NA
BT04200615K,GMS,2020-06-15,1002,09.06.–15.06.,39,15,17,6,8,9,NA
BT09200618F,Allensbach,2020-06-18,1314,01.06.–13.06.,40,16,18.5,4.5,7,9.5,NA
BT03200620M,Verian,2020-06-20,2403,10.06.–17.06.,38,15,17,7,8,10,NA
BT02200620C,Forsa,2020-06-20,2501,15.06.–19.06.,39,14,18,5,8,9,NA
BT01200625P,Infratest dimap,2020-06-25,1068,23.06.–24.06.,37,16,20,5,7,10,NA
BT06200626L,Forschungsgruppe Wahlen,2020-06-26,1227,23.06.–25.06.,40,15,19,5,7,9,NA
BT13200626Q,YouGov,2020-06-26,1636,18.06.–22.06.,37,15,17,5,9,11,NA
BT03200627N,Verian,2020-06-27,1550,18.06.–24.06.,37,16,18,6,8,10,NA
BT02200627D,Forsa,2020-06-27,2501,22.06.–26.06.,38,14,17,6,8,10,NA
BT01200702Q,Infratest dimap,2020-07-02,1503,29.06.–01.07.,37,16,20,5,7,10,NA
BT03200704O,Verian,2020-07-04,1436,24.06.–02.07.,37,16,19,6,8,10,NA
BT02200704E,Forsa,2020-07-04,2503,29.06.–03.07.,38,14,18,5,8,10,NA
BT06200710M,Forschungsgruppe Wahlen,2020-07-10,1226,07.07.–09.07.,39,15,20,5,7,9,NA
BT02200711F,Forsa,2020-07-11,2500,06.07.–10.07.,38,14,18,6,7,10,NA
BT03200712P,Verian,2020-07-12,1426,02.07.–08.07.,38,15,17,6,8,11,NA
BT03200718Q,Verian,2020-07-18,1449,09.07.–15.07.,38,16,17,6,8,10,NA
BT02200718G,Forsa,2020-07-18,2501,13.07.–16.07.,38,14,18,6,8,9,NA
BT09200722G,Allensbach,2020-07-22,1237,03.07.–16.07.,38,15.5,20,5.5,7.5,9,NA
BT01200723R,Infratest dimap,2020-07-23,1064,21.07.–22.07.,37,14,20,5,7,11,NA
BT02200725H,Forsa,2020-07-25,2504,20.07.–24.07.,38,14,18,6,8,9,NA
BT03200726R,Verian,2020-07-26,2031,16.07.–22.07.,37,15,18,6,8,11,NA
BT04200727L,GMS,2020-07-27,1003,22.07.–27.07.,38,14,19,6,6,10,NA
BT06200731N,Forschungsgruppe Wahlen,2020-07-31,1249,28.07.–30.07.,38,14,21,5,8,9,NA
BT02200801I,Forsa,2020-08-01,2504,27.07.–31.07.,38,14,18,6,8,8,NA
BT03200802S,Verian,2020-08-02,1449,23.07.–29.07.,37,16,17,6,8,10,NA
BT01200806S,Infratest dimap,2020-08-06,1511,03.08.–05.08.,38,15,18,6,7,11,NA
BT13200806R,YouGov,2020-08-06,1623,30.07.–04.08.,36,14,18,6,9,11,NA
BT02200808J,Forsa,2020-08-08,2502,03.08.–07.08.,38,14,18,6,8,8,NA
BT03200809T,Verian,2020-08-09,1564,30.07.–06.08.,38,15,18,6,8,11,NA
BT02200815K,Forsa,2020-08-15,2501,10.08.–14.08.,36,16,20,6,6,9,NA
BT03200816U,Verian,2020-08-16,1912,06.08.–12.08.,36,18,16,6,8,11,NA
BT01200820T,Infratest dimap,2020-08-20,1065,18.08.–19.08.,37,16,17,6,8,10,NA
BT02200822L,Forsa,2020-08-22,2504,17.08.–21.08.,36,16,19,5,7,9,NA
BT03200823V,Verian,2020-08-23,2107,13.08.–19.08.,36,17,16,7,8,10,NA
BT09200827H,Allensbach,2020-08-27,1231,05.08.–18.08.,38,17,19,5.5,7,9,NA
BT06200828O,Forschungsgruppe Wahlen,2020-08-28,1303,25.08.–27.08.,38,16,19,5,8,9,NA
BT13200828T,YouGov,2020-08-28,1611,20.08.–24.08.,36,16,18,5,8,11,NA
BT02200829M,Forsa,2020-08-29,2502,24.08.–28.08.,36,16,19,5,7,9,NA
BT03200830W,Verian,2020-08-30,1597,18.08.–26.08.,36,16,18,6,8,11,NA
BT01200903U,Infratest dimap,2020-09-03,1527,31.08.–02.09.,36,17,19,6,7,10,NA
BT02200905N,Forsa,2020-09-05,2503,31.08.–04.09.,36,16,18,5,9,9,NA
BT03200906X,Verian,2020-09-06,1447,27.08.–02.09.,36,17,18,6,7,11,NA
BT02200912O,Forsa,2020-09-12,2501,07.09.–11.09.,36,16,18,5,9,9,NA
BT03200913Y,Verian,2020-09-13,1446,03.09.–09.09.,36,17,18,6,8,10,NA
BT06200917P,Forschungsgruppe Wahlen,2020-09-17,1241,14.09.–16.09.,37,17,19,5,7,10,NA
BT01200917V,Infratest dimap,2020-09-17,1051,15.09.–16.09.,36,16,20,5,8,10,NA
BT03200919A,Verian,2020-09-19,1534,10.09.–16.09.,36,16,18,5,8,11,NA
BT02200919P,Forsa,2020-09-19,2501,14.09.–18.09.,36,14,22,5,8,8,NA
BT09200922I,Allensbach,2020-09-22,1043,04.09.–16.09.,37,17,19.5,6,7,9,NA
BT13200925U,YouGov,2020-09-25,1623,19.09.–21.09.,35,15,18,5,9,12,NA
BT02200926Q,Forsa,2020-09-26,2504,21.09.–25.09.,35,15,21,6,8,9,NA
BT03200927B,Verian,2020-09-27,1509,17.09.–23.09.,36,16,18,6,8,11,NA
BT01201001W,Infratest dimap,2020-10-01,1501,28.09.–30.09.,35,15,21,6,8,10,NA
BT02201003R,Forsa,2020-10-03,2502,29.09.–02.10.,36,15,20,6,7,9,NA
BT03201004C,Verian,2020-10-04,2397,22.09.–30.09.,35,16,18,6,9,11,NA
BT06201009Q,Forschungsgruppe Wahlen,2020-10-09,1229,06.10.–08.10.,37,16,20,5,7,10,NA
BT02201010S,Forsa,2020-10-10,2504,05.10.–09.10.,36,15,20,5,8,9,NA
BT03201011D,Verian,2020-10-11,1411,01.10.–07.10.,34,17,20,5,8,9,NA
BT04201013M,GMS,2020-10-13,1005,07.10.–12.10.,36,16,20,5,7,10,NA
BT01201015X,Infratest dimap,2020-10-15,1038,12.10.–14.10.,35,15,20,6,7,11,NA
BT03201017E,Verian,2020-10-17,2407,08.10.–14.10.,35,16,19,6,8,10,NA
BT02201017T,Forsa,2020-10-17,2501,12.10.–16.10.,36,15,20,6,7,9,NA
BT09201023J,Allensbach,2020-10-23,1045,07.10.–20.10.,35.5,17,20,6,7,10,NA
BT06201023R,Forschungsgruppe Wahlen,2020-10-23,1297,20.10.–22.10.,38,15,20,5,8,9,NA
BT03201024F,Verian,2020-10-24,1434,15.10.–21.10.,35,15,19,6,8,11,NA
BT02201024U,Forsa,2020-10-24,2503,19.10.–23.10.,36,15,20,6,7,9,NA
BT13201030V,YouGov,2020-10-30,1656,22.10.–26.10.,35,15,18,6,9,12,NA
BT02201031V,Forsa,2020-10-31,2503,26.10.–30.10.,35,16,19,6,8,10,NA
BT03201101G,Verian,2020-11-01,1987,22.10.–28.10.,35,15,19,7,8,10,NA
BT02201107W,Forsa,2020-11-07,2502,02.11.–06.11.,36,15,18,6,8,10,NA
BT03201108H,Verian,2020-11-08,1415,29.10.–04.11.,36,16,18,7,8,9,NA
BT04201109N,GMS,2020-11-09,1007,04.11.–09.11.,37,15,19,5,7,10,NA
BT01201112Y,Infratest dimap,2020-11-12,1504,09.11.–11.11.,36,15,20,6,7,10,NA
BT06201113S,Forschungsgruppe Wahlen,2020-11-13,1347,10.11.–12.11.,37,16,20,5,7,9,NA
BT02201114X,Forsa,2020-11-14,2502,09.11.–13.11.,36,15,19,5,8,10,NA
BT03201115I,Verian,2020-11-15,2405,05.11.–11.11.,35,15,19,7,8,9,NA
BT09201118K,Allensbach,2020-11-18,1286,01.11.–11.11.,37,17,18,6.5,7.5,9.5,NA
BT02201121Y,Forsa,2020-11-21,2505,16.11.–19.11.,36,16,19,6,7,9,NA
BT03201122J,Verian,2020-11-22,1927,12.11.–18.11.,36,16,18,7,7,9,NA
BT01201126A,Infratest dimap,2020-11-26,1047,24.11.–25.11.,35,15,21,7,7,11,NA
BT13201126W,YouGov,2020-11-26,1632,19.11.–23.11.,37,15,18,6,9,10,NA
BT06201127T,Forschungsgruppe Wahlen,2020-11-27,1330,24.11.–26.11.,37,16,21,5,7,9,NA
BT02201128A,Forsa,2020-11-28,2500,23.11.–27.11.,37,15,21,6,8,7,NA
BT03201129K,Verian,2020-11-29,1517,19.11.–25.11.,34,16,18,8,8,9,NA
BT01201203B,Infratest dimap,2020-12-03,1507,30.11.–02.12.,36,15,21,6,7,10,NA
BT02201205B,Forsa,2020-12-05,2507,30.11.–04.12.,36,15,20,6,8,8,NA
BT03201206L,Verian,2020-12-06,1438,26.11.–02.12.,35,15,19,7,8,10,NA
BT06201210U,Forschungsgruppe Wahlen,2020-12-10,1246,07.12.–09.12.,37,16,20,5,8,10,NA
BT01201210C,Infratest dimap,2020-12-10,1004,07.12.–09.12.,36,16,20,6,7,9,NA
BT02201212C,Forsa,2020-12-12,2503,07.12.–11.12.,37,15,20,5,8,8,NA
BT03201213M,Verian,2020-12-13,2374,03.12.–09.12.,35,16,19,7,7,10,NA
BT09201216L,Allensbach,2020-12-16,1022,28.11.–10.12.,37,16.5,19,7,7,9,NA
BT03201219N,Verian,2020-12-19,2401,10.12.–16.12.,35,17,19,6,8,10,NA
BT02201219D,Forsa,2020-12-19,2505,14.12.–18.12.,37,15,19,6,8,8,NA
BT02201226E,Forsa,2020-12-26,1501,21.12.–23.12.,36,15,18,6,9,9,NA
BT04210104O,GMS,2021-01-04,1004,29.12.–04.01.,37,16,18,6,8,9,NA
BT13210106X,YouGov,2021-01-06,1588,30.12.–05.01.,36,15,18,6,9,10,NA
BT01210107D,Infratest dimap,2021-01-07,1520,04.01.–06.01.,35,14,21,7,7,10,NA
BT02210109F,Forsa,2021-01-09,2503,04.01.–08.01.,36,14,20,7,8,8,NA
BT06210115V,Forschungsgruppe Wahlen,2021-01-15,1262,12.01.–14.01.,37,15,20,5,8,10,NA
BT03210117O,Verian,2021-01-17,2398,05.01.–13.01.,36,15,18,7,8,10,NA
BT02210118H,Forsa,2021-01-18,2014,16.01.–17.01.,35,15,19,7,8,9,NA
BT02210118G,Forsa,2021-01-18,2504,11.01.–15.01.,35,15,20,6,8,9,NA
BT01210121E,Infratest dimap,2021-01-21,1027,18.01.–20.01.,34,15,21,7,6,10,NA
BT03210124P,Verian,2021-01-24,1922,14.01.–20.01.,35,15,20,7,8,9,NA
BT02210126I,Forsa,2021-01-26,3005,18.01.–25.01.,37,15,18,7,7,9,NA
BT09210128M,Allensbach,2021-01-28,1080,10.01.–20.01.,37,16,20,6.5,7.5,9,NA
BT06210128W,Forschungsgruppe Wahlen,2021-01-28,1371,25.01.–27.01.,37,15,20,6,7,9,NA
BT03210131Q,Verian,2021-01-31,1427,21.01.–27.01.,36,15,19,7,8,9,NA
BT02210202J,Forsa,2021-02-02,2503,26.01.–01.02.,37,15,19,6,8,8,NA
BT01210204F,Infratest dimap,2021-02-04,1503,01.02.–03.02.,34,15,21,8,6,10,NA
BT13210204Y,YouGov,2021-02-04,1606,29.01.–01.02.,36,15,18,7,9,10,NA
BT03210207R,Verian,2021-02-07,1412,28.01.–03.02.,36,16,19,7,7,9,NA
BT02210209K,Forsa,2021-02-09,2501,02.02.–08.02.,37,15,19,7,7,8,NA
BT03210214S,Verian,2021-02-14,1569,04.02.–10.02.,35,17,18,8,7,10,NA
BT04210215P,GMS,2021-02-15,1005,10.02.–15.02.,37,17,18,7,7,9,NA
BT02210216L,Forsa,2021-02-16,2502,09.02.–15.02.,35,16,19,7,8,8,NA
BT01210218G,Infratest dimap,2021-02-18,1025,15.02.–17.02.,33,16,20,8,6,11,NA
BT03210220T,Verian,2021-02-20,1905,11.02.–17.02.,34,16,19,8,8,9,NA
BT02210223M,Forsa,2021-02-23,2505,16.02.–22.02.,35,16,19,8,7,8,NA
BT09210225N,Allensbach,2021-02-25,1082,04.02.–17.02.,37,15,20,7,7,9.5,NA
BT06210226X,Forschungsgruppe Wahlen,2021-02-26,1202,23.02.–25.02.,35,16,19,7,7,10,NA
BT13210226A,YouGov,2021-02-26,1619,18.02.–22.02.,33,16,18,8,8,11,NA
BT03210227U,Verian,2021-02-27,1869,18.02.–24.02.,34,16,18,8,9,9,NA
BT02210302N,Forsa,2021-03-02,2501,25.02.–01.03.,34,16,19,7,8,9,NA
BT01210304H,Infratest dimap,2021-03-04,1296,01.03.–02.03.,33,16,20,7,7,11,NA
BT03210307V,Verian,2021-03-07,2410,25.02.–03.03.,32,16,19,9,9,10,NA
BT02210310O,Forsa,2021-03-10,2510,02.03.–08.03.,33,16,18,8,8,10,NA
BT03210314W,Verian,2021-03-14,2378,04.03.–10.03.,31,16,19,8,8,11,NA
BT02210317P,Forsa,2021-03-17,2501,09.03.–15.03.,29,16,21,8,8,10,NA
BT01210318I,Infratest dimap,2021-03-18,1207,15.03.–17.03.,29,17,20,9,7,11,NA
BT03210320X,Verian,2021-03-20,1942,11.03.–17.03.,27,17,22,10,8,10,NA
BT09210324O,Allensbach,2021-03-24,1006,08.03.–21.03.,28.5,18,21.5,8.5,8.5,10,NA
BT02210324Q,Forsa,2021-03-24,2511,16.03.–22.03.,26,16,22,10,8,10,NA
BT06210326Y,Forschungsgruppe Wahlen,2021-03-26,1030,23.03.–25.03.,28,15,23,9,7,12,NA
BT03210327Y,Verian,2021-03-27,1447,18.03.–24.03.,25,17,23,10,9,10,NA
BT04210329Q,GMS,2021-03-29,1003,24.03.–29.03.,26,16,21,11,8,11,NA
BT02210331R,Forsa,2021-03-31,2503,23.03.–29.03.,27,15,23,10,7,11,NA
BT01210401J,Infratest dimap,2021-04-01,1348,29.03.–30.03.,27,16,22,9,7,11,NA
BT13210401B,YouGov,2021-04-01,1637,25.03.–29.03.,27,17,21,10,8,11,NA
BT03210404A,Verian,2021-04-04,1429,25.03.–31.03.,26,16,23,9,9,10,NA
BT02210407S,Forsa,2021-04-07,1501,30.03.–01.04.,27,15,23,10,7,10,NA
BT03210411B,Verian,2021-04-11,1448,31.03.–07.04.,27,15,22,9,9,11,NA
BT02210414T,Forsa,2021-04-14,2500,06.04.–12.04.,27,15,23,9,8,11,NA
BT01210415K,Infratest dimap,2021-04-15,1174,13.04.–14.04.,28,15,21,11,7,11,NA
BT06210416A,Forschungsgruppe Wahlen,2021-04-16,1292,13.04.–15.04.,31,14,21,9,7,11,NA
BT03210418C,Verian,2021-04-18,1437,08.04.–14.04.,29,15,22,9,8,11,NA
BT02210420V,Forsa,2021-04-20,1502,20.04.,21,13,28,12,7,11,NA
BT02210420U,Forsa,2021-04-20,2003,13.04.–16.04.,28,15,23,10,6,11,NA
BT09210421P,Allensbach,2021-04-21,1051,06.04.–15.04.,28,16.5,23,10,7.5,9.5,NA
BT03210424D,Verian,2021-04-24,1225,15.04.–21.04.,27,13,28,9,7,10,NA
BT02210428W,Forsa,2021-04-28,2507,20.04.–26.04.,22,13,28,12,7,11,NA
BT13210430C,YouGov,2021-04-30,1643,23.04.–26.04.,24,14,25,11,8,11,NA
BT03210501E,Verian,2021-05-01,1442,22.04.–28.04.,24,15,27,11,7,10,NA
BT02210505X,Forsa,2021-05-05,2508,27.04.–03.05.,23,14,28,12,6,10,NA
BT01210506L,Infratest dimap,2021-05-06,1351,03.05.–05.05.,23,14,26,11,6,12,NA
BT06210507B,Forschungsgruppe Wahlen,2021-05-07,1271,04.05.–06.05.,25,14,26,10,7,11,NA
BT03210508F,Verian,2021-05-08,1910,29.04.–05.05.,23,16,26,12,7,10,NA
BT02210512Y,Forsa,2021-05-12,2501,04.05.–10.05.,24,15,27,11,6,10,NA
BT01210513M,Infratest dimap,2021-05-13,1198,10.05.–11.05.,24,15,25,12,7,11,NA
BT03210515G,Verian,2021-05-15,1428,06.05.–11.05.,24,15,25,11,8,11,NA
BT04210517R,GMS,2021-05-17,1005,11.05.–17.05.,26,15,24,11,7,11,NA
BT09210519Q,Allensbach,2021-05-19,1027,01.05.–13.05.,27.5,16,24,10,6.5,10,NA
BT02210519A,Forsa,2021-05-19,2001,11.05.–17.05.,24,15,26,11,6,10,NA
BT03210521H,Verian,2021-05-21,1445,11.05.–18.05.,26,14,24,11,8,11,NA
BT06210521C,Forschungsgruppe Wahlen,2021-05-21,1229,18.05.–20.05.,24,14,25,11,7,11,NA
BT02210526B,Forsa,2021-05-26,2004,18.05.–21.05.,24,14,25,13,6,10,NA
BT13210527D,YouGov,2021-05-27,1706,21.05.–24.05.,26,15,22,12,7,11,NA
BT03210528I,Verian,2021-05-28,1422,19.05.–25.05.,25,15,23,12,7,12,NA
BT02210602C,Forsa,2021-06-02,2500,25.05.–31.05.,25,14,24,14,6,9,NA
BT03210605J,Verian,2021-06-05,1419,26.05.–01.06.,24,16,22,13,7,11,NA
BT02210609D,Forsa,2021-06-09,2501,01.06.–07.06.,27,14,22,14,6,9,NA
BT06210610D,Forschungsgruppe Wahlen,2021-06-10,1232,07.06.–09.06.,28,15,22,10,7,11,NA
BT01210610N,Infratest dimap,2021-06-10,1316,07.06.–09.06.,28,14,20,12,7,12,NA
BT03210611K,Verian,2021-06-11,1421,02.06.–08.06.,26,16,21,13,7,11,NA
BT09210616R,Allensbach,2021-06-16,1070,28.05.–09.06.,29.5,17,21.5,11,7,9,NA
BT02210616E,Forsa,2021-06-16,2501,08.06.–14.06.,28,14,21,14,7,9,NA
BT03210618L,Verian,2021-06-18,1413,09.06.–15.06.,27,17,20,12,7,10,NA
BT04210621S,GMS,2021-06-21,1002,16.06.–21.06.,28,16,20,12,8,10,NA
BT02210623F,Forsa,2021-06-23,2502,15.06.–21.06.,29,15,21,13,6,9,NA
BT01210624O,Infratest dimap,2021-06-24,1217,22.06.–23.06.,28,15,21,11,6,12,NA
BT03210625M,Verian,2021-06-25,1430,15.06.–22.06.,28,17,19,11,7,10,NA
BT06210625E,Forschungsgruppe Wahlen,2021-06-25,1271,22.06.–24.06.,29,14,22,10,7,10,NA
BT02210630G,Forsa,2021-06-30,2501,22.06.–28.06.,30,14,20,12,7,9,NA
BT01210701P,Infratest dimap,2021-07-01,1317,28.06.–30.06.,28,15,20,11,7,11,NA
BT03210702N,Verian,2021-07-02,1418,23.06.–29.06.,28,16,20,10,7,11,NA
BT13210702E,YouGov,2021-07-02,1648,25.06.–28.06.,30,15,19,11,7,11,NA
BT02210707H,Forsa,2021-07-07,2505,29.06.–05.07.,30,15,19,11,7,10,NA
BT03210710O,Verian,2021-07-10,1405,29.06.–06.07.,29,15,19,11,8,11,NA
BT02210714I,Forsa,2021-07-14,2502,06.07.–12.07.,30,15,19,12,7,9,NA
BT03210716P,Verian,2021-07-16,1495,07.07.–13.07.,28,15,20,11,8,11,NA
BT06210716F,Forschungsgruppe Wahlen,2021-07-16,1224,13.07.–15.07.,30,15,20,10,7,10,NA
BT09210720S,Allensbach,2021-07-20,1028,03.07.–14.07.,31.5,16.5,18,12,6.5,9.5,NA
BT02210721J,Forsa,2021-07-21,2503,13.07.–19.07.,28,16,19,12,7,10,NA
BT01210722Q,Infratest dimap,2021-07-22,1188,20.07.–21.07.,29,16,19,12,6,10,NA
BT03210723Q,Verian,2021-07-23,1421,14.07.–20.07.,28,16,19,12,7,11,NA
BT04210727T,GMS,2021-07-27,1003,21.07.–27.07.,30,15,18,12,7,10,NA
BT09210728T,Allensbach,2021-07-28,1243,03.07.–22.07.,30,16,19.5,12,7,9.5,NA
BT02210728K,Forsa,2021-07-28,2501,20.07.–26.07.,26,15,21,13,7,10,NA
BT03210730R,Verian,2021-07-30,1441,20.07.–27.07.,27,17,19,13,6,11,NA
BT06210730G,Forschungsgruppe Wahlen,2021-07-30,1268,27.07.–29.07.,28,16,21,10,7,11,NA
BT13210730F,YouGov,2021-07-30,1748,23.07.–26.07.,28,16,16,12,8,12,NA
BT02210803L,Forsa,2021-08-03,2502,27.07.–02.08.,26,16,20,13,6,10,NA
BT03210804S,Verian,2021-08-04,1413,28.07.–03.08.,24,18,22,13,6,11,NA
BT01210805R,Infratest dimap,2021-08-05,1312,02.08.–04.08.,27,18,19,12,6,10,NA
BT03210811T,Verian,2021-08-11,1446,04.08.–10.08.,22,19,21,12,7,11,NA
BT02210811M,Forsa,2021-08-11,2509,03.08.–09.08.,23,19,20,12,7,10,NA
BT06210813H,Forschungsgruppe Wahlen,2021-08-13,1252,10.08.–12.08.,26,19,19,11,7,11,NA
BT02210818N,Forsa,2021-08-18,2501,10.08.–16.08.,23,21,19,12,6,10,NA
BT09210819U,Allensbach,2021-08-19,1018,05.08.–17.08.,27.5,19.5,17.5,11,7.5,11,NA
BT03210819U,Verian,2021-08-19,1920,11.08.–17.08.,22,21,19,12,7,11,NA
BT01210819S,Infratest dimap,2021-08-19,1219,17.08.–18.08.,23,21,17,13,7,11,NA
BT02210824O,Forsa,2021-08-24,2504,17.08.–23.08.,22,23,18,12,6,10,NA
BT03210826V,Verian,2021-08-26,1919,18.08.–24.08.,23,23,18,12,7,11,NA
BT06210827I,Forschungsgruppe Wahlen,2021-08-27,1300,24.08.–26.08.,22,22,20,10,6,11,NA
BT13210827G,YouGov,2021-08-27,1689,20.08.–24.08.,22,24,16,13,8,11,NA
BT09210828V,Allensbach,2021-08-28,1038,18.08.–26.08.,26,24,17,10.5,6,10.5,NA
BT02210831P,Forsa,2021-08-31,2508,24.08.–30.08.,21,23,18,12,6,11,NA
BT03210902W,Verian,2021-09-02,1439,25.08.–31.08.,21,25,19,11,7,11,NA
BT01210902T,Infratest dimap,2021-09-02,1337,30.08.–01.09.,20,25,16,13,6,12,NA
BT06210903J,Forschungsgruppe Wahlen,2021-09-03,1301,31.08.–02.09.,22,25,17,11,7,11,NA
BT13210903H,YouGov,2021-09-03,1729,27.08.–31.08.,20,25,15,13,8,12,NA
BT02210907Q,Forsa,2021-09-07,2505,31.08.–06.09.,19,25,17,13,6,11,NA
BT04210907U,GMS,2021-09-07,1004,01.09.–06.09.,23,25,17,12,6,11,NA
BT09210908W,Allensbach,2021-09-08,1258,01.09.–07.09.,25,27,15.5,9.5,6,11,NA
BT03210909X,Verian,2021-09-09,1901,01.09.–07.09.,21,25,17,12,6,12,NA
BT06210910K,Forschungsgruppe Wahlen,2021-09-10,1281,07.09.–09.09.,22,25,17,11,6,11,NA
BT13210910I,YouGov,2021-09-10,1700,03.09.–07.09.,21,26,15,10,6,12,NA
BT02210914R,Forsa,2021-09-14,2501,07.09.–13.09.,21,25,17,11,6,11,NA
BT04210914V,GMS,2021-09-14,1003,08.09.–13.09.,23,25,16,13,6,11,NA
BT03210916Y,Verian,2021-09-16,1543,08.09.–14.09.,20,26,17,11,6,12,NA
BT01210916U,Infratest dimap,2021-09-16,1512,13.09.–15.09.,22,26,15,11,6,11,NA
BT13210916J,YouGov,2021-09-16,1816,09.09.–14.09.,20,25,15,10,8,11,NA
BT06210917L,Forschungsgruppe Wahlen,2021-09-17,1406,14.09.–16.09.,22,25,16,11,6,11,NA
BT02210921S,Forsa,2021-09-21,2502,14.09.–20.09.,22,25,17,11,6,11,NA
BT03210923A,Verian,2021-09-23,1433,15.09.–21.09.,21,25,16,11,7,11,NA
BT06210923M,Forschungsgruppe Wahlen,2021-09-23,1273,22.09.–23.09.,23,25,16.5,11,6,10,NA
BT13210923K,YouGov,2021-09-23,2364,16.09.–22.09.,21,25,14,11,7,12,NA
BT09210924X,Allensbach,2021-09-24,1554,16.09.–23.09.,25,26,16,10.5,5,10,NA
BT02210924T,Forsa,2021-09-24,2002,20.09.–23.09.,22,25,17,12,6,10,NA
BT06211001N,Forschungsgruppe Wahlen,2021-10-01,1249,28.09.–30.09.,20,28,16,13,5,10,NA
BT05211002A,INSA,2021-10-02,1254,27.09.–01.10.,21,28,16,12,5,10,NA
BT05211004B,INSA,2021-10-04,2000,01.10.–04.10.,21,28,15.5,13.5,4.5,10,NA
BT02211005U,Forsa,2021-10-05,3004,27.09.–04.10.,20,26,16,14,5,9,NA
BT03211009B,Verian,2021-10-09,1985,28.09.–05.10.,20,26,17,13,5,10,NA
BT05211009C,INSA,2021-10-09,1509,04.10.–08.10.,20,28,15,14,5,10,NA
BT05211011D,INSA,2021-10-11,2101,08.10.–11.10.,19.5,28.5,16,14.5,4,11,NA
BT02211012V,Forsa,2021-10-12,2503,05.10.–11.10.,20,26,16,14,5,9,NA
BT03211014C,Verian,2021-10-14,1410,06.10.–12.10.,19,26,17,14,5,10,NA
BT06211015O,Forschungsgruppe Wahlen,2021-10-15,1329,12.10.–14.10.,19,28,17,13,5,11,NA
BT05211016E,INSA,2021-10-16,1195,11.10.–15.10.,19,28,16,13,4,11,NA
BT05211018F,INSA,2021-10-18,2140,15.10.–18.10.,18.5,28,16,15,5,11.5,NA
BT02211019W,Forsa,2021-10-19,2502,12.10.–18.10.,20,26,16,15,5,9,NA
BT09211020Y,Allensbach,2021-10-20,1045,01.10.–14.10.,21,28,15,14,5,9.5,NA
BT03211023D,Verian,2021-10-23,1424,13.10.–19.10.,21,25,16,13,5,11,NA
BT05211023G,INSA,2021-10-23,1205,18.10.–22.10.,20,27,17,14,4,11,NA
BT05211025H,INSA,2021-10-25,2105,22.10.–25.10.,20,28,16,14,5,11,NA
BT02211026X,Forsa,2021-10-26,2510,19.10.–25.10.,20,25,17,16,5,9,NA
BT01211028V,Infratest dimap,2021-10-28,1239,26.10.–27.10.,22,26,16,13,4,10,NA
BT06211029P,Forschungsgruppe Wahlen,2021-10-29,1208,26.10.–28.10.,20,27,16,14,5,11,NA
BT03211030E,Verian,2021-10-30,1422,19.10.–26.10.,21,25,17,14,5,11,NA
BT05211030I,INSA,2021-10-30,1503,25.10.–29.10.,21,27,16,13,5,11,NA
BT02211102Y,Forsa,2021-11-02,2501,26.10.–01.11.,21,25,16,15,5,9,NA
BT05211102J,INSA,2021-11-02,2140,29.10.–01.11.,20,27,16,13.5,5,11.5,NA
BT01211104W,Infratest dimap,2021-11-04,1329,02.11.–03.11.,21,27,16,13,5,10,NA
BT04211105W,GMS,2021-11-05,1005,01.11.–04.11.,21,26,16,15,4,10,NA
BT03211106F,Verian,2021-11-06,1417,27.10.–02.11.,22,25,16,13,5,10,NA
BT05211106K,INSA,2021-11-06,1212,01.11.–05.11.,21,27,15,14,5,11,NA
BT05211108M,INSA,2021-11-08,2112,05.11.–08.11.,20.5,26.5,16,13.5,5.5,10.5,NA
BT02211109A,Forsa,2021-11-09,2502,02.11.–08.11.,22,25,16,14,5,9,NA
BT06211112Q,Forschungsgruppe Wahlen,2021-11-12,1257,09.11.–11.11.,20,28,16,13,5,11,NA
BT03211113G,Verian,2021-11-13,1424,03.11.–09.11.,21,25,16,14,6,10,NA
BT05211113N,INSA,2021-11-13,1202,08.11.–12.11.,22,26,15,13,5,11,NA
BT05211115O,INSA,2021-11-15,2091,12.11.–15.11.,21,27,15,13,5.5,11.5,NA
BT02211116B,Forsa,2021-11-16,2510,09.11.–15.11.,22,24,17,12,5,10,NA
BT09211118A,Allensbach,2021-11-18,1016,29.10.–11.11.,23,27,15,14,5.5,9.5,NA
BT03211120H,Verian,2021-11-20,1433,10.11.–16.11.,21,24,18,12,6,11,NA
BT05211120P,INSA,2021-11-20,1501,15.11.–19.11.,21,26,15,13,5,12,NA
BT05211122Q,INSA,2021-11-22,2096,19.11.–22.11.,22,26,14,14,5.5,11,NA
BT02211123C,Forsa,2021-11-23,2501,16.11.–22.11.,22,24,17,12,5,10,NA
BT01211125X,Infratest dimap,2021-11-25,1239,23.11.–24.11.,21,25,17,13,5,11,NA
BT06211126R,Forschungsgruppe Wahlen,2021-11-26,1344,23.11.–25.11.,19,28,17,13,5,11,NA
BT13211126L,YouGov,2021-11-26,1797,19.11.–23.11.,23,25,16,11,6,12,NA
BT03211127I,Verian,2021-11-27,1424,17.11.–23.11.,22,24,18,11,6,11,NA
BT05211127R,INSA,2021-11-27,1403,22.11.–26.11.,21,26,15,13,6,12,NA
BT05211129S,INSA,2021-11-29,2129,26.11.–29.11.,21,25,16,14,5.5,11,NA
BT02211130D,Forsa,2021-11-30,2509,23.11.–29.11.,22,24,17,12,5,10,NA
BT01211202Y,Infratest dimap,2021-12-02,1316,29.11.–01.12.,23,25,17,12,5,11,NA
BT03211204J,Verian,2021-12-04,1425,24.11.–30.11.,20,27,16,12,6,11,NA
BT05211204T,INSA,2021-12-04,1348,29.11.–03.12.,21,26,15,13,5,12,NA
BT05211206U,INSA,2021-12-06,2119,03.12.–06.12.,22,26,15,13.5,5.5,11.5,NA
BT02211207E,Forsa,2021-12-07,2503,30.11.–06.12.,22,25,17,11,5,10,NA
BT01211209A,Infratest dimap,2021-12-09,1266,07.12.–08.12.,23,26,16,12,5,11,NA
BT06211210S,Forschungsgruppe Wahlen,2021-12-10,1303,07.12.–09.12.,21,28,17,12,5,10,NA
BT03211211K,Verian,2021-12-11,1439,01.12.–07.12.,21,28,15,11,5,11,NA
BT05211211V,INSA,2021-12-11,1480,06.12.–10.12.,22,26,15,13,5,11,NA
BT05211213W,INSA,2021-12-13,2221,10.12.–13.12.,22,27,14.5,13,5.5,11.5,NA
BT02211214F,Forsa,2021-12-14,2509,07.12.–13.12.,23,26,15,11,5,10,NA
BT13211217M,YouGov,2021-12-17,1715,10.12.–14.12.,23,27,16,10,6,11,NA
BT03211218L,Verian,2021-12-18,1440,08.12.–14.12.,22,27,16,11,5,10,NA
BT05211218X,INSA,2021-12-18,1501,13.12.–18.12.,23,27,14,12,5,12,NA
BT05211220Y,INSA,2021-12-20,2075,17.12.–20.12.,21.5,27.5,14.5,13,5.5,11.5,NA
BT02211221G,Forsa,2021-12-21,2501,14.12.–20.12.,24,26,16,10,5,9,NA
BT09211222B,Allensbach,2021-12-22,1069,01.12.–15.12.,24,26,15,13,5,10.5,NA
BT05211226A,INSA,2021-12-26,1195,20.12.–23.12.,23,28,15,11,5,11,NA
BT03211227M,Verian,2021-12-27,1436,14.12.–16.12.,22,27,16,11,5,11,NA
BT05220101B,INSA,2022-01-01,1201,27.12.–30.12.,24,27,16,10,5,11,NA
BT05220103C,INSA,2022-01-03,2060,30.12.–03.01.,23,26.5,15.5,11,6,11.5,NA
BT04220104X,GMS,2022-01-04,1003,29.12.–03.01.,24,26,16,12,4,11,NA
BT01220106B,Infratest dimap,2022-01-06,1325,03.01.–05.01.,23,26,16,11,5,11,NA
BT05220108D,INSA,2022-01-08,1504,03.01.–08.01.,23,27,16,12,5,11,NA
BT05220110E,INSA,2022-01-10,2107,07.01.–10.01.,23,26.5,15,12,5,12,NA
BT02220111H,Forsa,2022-01-11,3003,03.01.–10.01.,25,25,17,10,5,9,NA
BT06220114T,Forschungsgruppe Wahlen,2022-01-14,1128,11.01.–13.01.,22,27,16,11,6,10,NA
BT03220115N,Verian,2022-01-15,1426,05.01.–11.01.,23,26,17,10,6,10,NA
BT05220115F,INSA,2022-01-15,1504,10.01.–14.01.,23,27,16,11,5,12,NA
BT05220117G,INSA,2022-01-17,2130,14.01.–17.01.,22.5,26,15.5,12,6,12,NA
BT02220118I,Forsa,2022-01-18,2504,11.01.–17.01.,25,25,16,10,5,10,NA
BT01220120C,Infratest dimap,2022-01-20,1424,18.01.–19.01.,24,25,16,10,5,12,NA
BT03220122O,Verian,2022-01-22,1441,12.01.–18.01.,22,26,17,9,6,12,NA
BT05220122H,INSA,2022-01-22,1204,17.01.–21.01.,23,26,16,12,6,12,NA
BT05220124I,INSA,2022-01-24,2146,21.01.–24.01.,24,26,15,11.5,6,11,NA
BT02220125J,Forsa,2022-01-25,2502,18.01.–24.01.,24,25,16,10,6,10,NA
BT09220126C,Allensbach,2022-01-26,1090,06.01.–20.01.,23,27.5,14.5,12.5,5.5,10,NA
BT06220128U,Forschungsgruppe Wahlen,2022-01-28,1249,25.01.–27.01.,23,24,18,10,7,10,NA
BT13220128N,YouGov,2022-01-28,1602,21.01.–25.01.,26,23,15,8,8,12,NA
BT03220129P,Verian,2022-01-29,1415,19.01.–25.01.,24,24,18,10,6,10,NA
BT05220129J,INSA,2022-01-29,1383,24.01.–28.01.,24,26,16,11,6,11,NA
BT05220131K,INSA,2022-01-31,2147,28.01.–31.01.,25,24,15,12.5,6.5,10,NA
BT02220201K,Forsa,2022-02-01,2501,25.01.–31.01.,27,23,16,9,6,10,NA
BT01220203D,Infratest dimap,2022-02-03,1339,31.01.–02.02.,27,22,16,10,5,12,NA
BT03220205Q,Verian,2022-02-05,1410,26.01.–01.02.,24,24,17,9,6,11,NA
BT05220205L,INSA,2022-02-05,1202,01.02.–04.02.,27,22,16,11,6,11,NA
BT05220207M,INSA,2022-02-07,2067,04.02.–07.02.,26,23,15,12,7,11,NA
BT02220208L,Forsa,2022-02-08,2502,01.02.–07.02.,27,22,16,9,6,10,NA
BT06220211V,Forschungsgruppe Wahlen,2022-02-11,1224,08.02.–10.02.,25,25,16,9,6,11,NA
BT03220212R,Verian,2022-02-12,1287,01.02.–08.02.,26,22,16,10,6,12,NA
BT05220212N,INSA,2022-02-12,1504,07.02.–11.02.,26,22,16,11,6,12,NA
BT05220214O,INSA,2022-02-14,2141,11.02.–14.02.,26,22.5,15,12,6,12,NA
BT02220215M,Forsa,2022-02-15,2504,08.02.–14.02.,27,23,16,9,6,9,NA
BT01220217E,Infratest dimap,2022-02-17,1202,15.02.–16.02.,26,24,15,9,5,12,NA
BT03220219S,Verian,2022-02-19,1434,08.02.–15.02.,24,24,16,10,6,12,NA
BT05220219P,INSA,2022-02-19,1303,14.02.–18.02.,27,22,15,11,7,12,NA
BT05220221Q,INSA,2022-02-21,1539,18.02.–21.02.,27,23,14.5,12.5,6,11,NA
BT13220221O,YouGov,2022-02-21,1659,10.02.–15.02.,27,21,17,9,7,11,NA
BT02220222N,Forsa,2022-02-22,2500,15.02.–21.02.,27,23,17,9,6,9,NA
BT09220224D,Allensbach,2022-02-24,1033,03.02.–16.02.,27,25,15,10.5,6,10,NA
BT03220226T,Verian,2022-02-26,1432,16.02.–22.02.,25,26,17,9,7,10,NA
BT05220227R,INSA,2022-02-27,1405,21.02.–25.02.,26,23,15,11,7,12,NA
BT02220301O,Forsa,2022-03-01,1500,24.02.–28.02.,26,25,18,9,6,7,NA
BT04220301Y,GMS,2022-03-01,1005,23.02.–26.02.,27,24,15,10,6,9,NA
BT05220301S,INSA,2022-03-01,2067,25.02.–28.02.,27,23,15.5,11,6.5,10.5,NA
BT06220302W,Forschungsgruppe Wahlen,2022-03-02,1103,21.02.–23.02.,24,26,17,9,6,11,NA
BT01220303F,Infratest dimap,2022-03-03,1320,28.02.–02.03.,26,25,16,9,5,11,NA
BT03220305U,Verian,2022-03-05,1405,23.02.–01.03.,26,26,17,8,6,10,NA
BT05220305T,INSA,2022-03-05,1185,28.02.–04.03.,25,25,15,11,6,11,NA
BT05220307V,INSA,2022-03-07,2103,04.03.–07.03.,24.5,25,15.5,11,6,10.5,NA
BT02220308P,Forsa,2022-03-08,2501,01.03.–07.03.,25,26,18,9,6,7,NA
BT06220311X,Forschungsgruppe Wahlen,2022-03-11,1345,08.03.–10.03.,24,27,18,9,5,10,NA
BT13220311P,YouGov,2022-03-11,1629,04.03.–08.03.,26,23,16,9,6,11,NA
BT03220312V,Verian,2022-03-12,1426,02.03.–08.03.,26,25,19,8,5,10,NA
BT05220312B,INSA,2022-03-12,1201,07.03.–11.03.,24,26,16,10,6,10,NA
BT05220314C,INSA,2022-03-14,2073,11.03.–14.03.,25.5,25,15.5,10.5,5,10.5,NA
BT02220315Q,Forsa,2022-03-15,2502,08.03.–14.03.,26,25,18,9,5,9,NA
BT01220317G,Infratest dimap,2022-03-17,1254,15.03.–16.03.,26,25,17,9,4,11,NA
BT03220319W,Verian,2022-03-19,1416,09.03.–15.03.,26,26,19,8,5,9,NA
BT05220319D,INSA,2022-03-19,1198,14.03.–18.03.,26,26,16,10,5,10,NA
BT05220321E,INSA,2022-03-21,2122,18.03.–21.03.,26.5,24.5,16.5,11,4.5,11,NA
BT02220322R,Forsa,2022-03-22,2501,15.03.–21.03.,27,23,18,10,5,9,NA
BT09220324E,Allensbach,2022-03-24,1041,09.03.–21.03.,25,25,17,10.5,5,10,NA
BT03220326X,Verian,2022-03-26,1429,16.03.–22.03.,25,26,18,9,6,9,NA
BT05220326F,INSA,2022-03-26,1205,21.03.–25.03.,26,26,16,10,5,11,NA
BT02220329S,Forsa,2022-03-29,2507,22.03.–28.03.,26,24,18,9,5,9,NA
BT05220329G,INSA,2022-03-29,2070,25.03.–28.03.,26,25,16.5,10,5.5,10.5,NA
BT03220402Y,Verian,2022-04-02,1428,23.03.–29.03.,26,25,18,9,5,9,NA
BT05220402H,INSA,2022-04-02,1501,25.03.–01.04.,26,26,16,10,4,11,NA
BT05220404I,INSA,2022-04-04,2063,01.04.–04.04.,26,25,17.5,10.5,4.5,10.5,NA
BT02220405T,Forsa,2022-04-05,2508,29.03.–04.04.,24,27,19,8,4,9,NA
BT01220407H,Infratest dimap,2022-04-07,1325,04.04.–06.04.,25,24,19,9,4,11,NA
BT06220408Y,Forschungsgruppe Wahlen,2022-04-08,1230,05.04.–07.04.,24,27,19,8,4,11,NA
BT03220409A,Verian,2022-04-09,1437,30.03.–05.04.,25,27,19,8,4,10,NA
BT05220409J,INSA,2022-04-09,1503,04.04.–08.04.,26,25,16,10,4,11,NA
BT05220411K,INSA,2022-04-11,2061,08.04.–11.04.,27,25,17.5,9,4.5,11,NA
BT02220412U,Forsa,2022-04-12,2500,05.04.–11.04.,24,27,19,8,4,9,NA
BT09220413F,Allensbach,2022-04-13,1075,25.03.–06.04.,24,28,17,9,6,9,NA
BT01220414I,Infratest dimap,2022-04-14,1226,11.04.–12.04.,26,24,18,8,4,11,NA
BT13220414Q,YouGov,2022-04-14,1643,08.04.–12.04.,26,21,18,9,6,12,NA
BT03220416B,Verian,2022-04-16,1960,06.04.–12.04.,25,26,19,8,4,10,NA
BT05220416L,INSA,2022-04-16,1402,11.04.–14.04.,26,25,17,10,5,10,NA
BT02220419V,Forsa,2022-04-19,1501,12.04.–14.04.,25,25,20,8,4,9,NA
BT05220419M,INSA,2022-04-19,2073,15.04.–18.04.,26,23.5,19,9,4.5,11,NA
BT03220423C,Verian,2022-04-23,1715,12.04.–19.04.,25,25,19,9,4,9,NA
BT05220423N,INSA,2022-04-23,1296,19.04.–22.04.,26,24,18,9,5,11,NA
BT05220425O,INSA,2022-04-25,2056,22.04.–25.04.,26.5,24,18,9,4.5,11.5,NA
BT02220426W,Forsa,2022-04-26,2507,19.04.–25.04.,25,24,20,9,4,9,NA
BT04220426A,GMS,2022-04-26,1003,20.04.–25.04.,26,26,18,8,4,9,NA
BT01220428J,Infratest dimap,2022-04-28,1314,25.04.–27.04.,26,24,18,9,3,11,NA
BT06220429A,Forschungsgruppe Wahlen,2022-04-29,1170,26.04.–28.04.,23,25,21,9,4,11,NA
BT03220430D,Verian,2022-04-30,1431,19.04.–26.04.,25,23,20,9,5,9,NA
BT05220501P,INSA,2022-05-01,1202,25.04.–29.04.,26,23,18,10,4,11,NA
BT05220502Q,INSA,2022-05-02,2146,29.04.–02.05.,27,23,19,9.5,4.5,10.5,NA
BT02220503X,Forsa,2022-05-03,2508,26.04.–02.05.,26,23,20,9,4,9,NA
BT03220507E,Verian,2022-05-07,1570,26.04.–03.05.,27,23,19,9,5,9,NA
BT05220507S,INSA,2022-05-07,1501,02.05.–06.05.,27,23,18,11,3,10,NA
BT05220509T,INSA,2022-05-09,2086,06.05.–09.05.,27.5,22.5,19,10,3.5,10.5,NA
BT02220510Y,Forsa,2022-05-10,2501,03.05.–09.05.,26,23,21,9,4,9,NA
BT01220512K,Infratest dimap,2022-05-12,1226,10.05.–11.05.,26,22,20,8,4,11,NA
BT13220512R,YouGov,2022-05-12,1659,06.05.–10.05.,28,20,19,9,5,10,NA
BT03220514F,Verian,2022-05-14,1426,04.05.–10.05.,26,22,20,9,5,10,NA
BT05220514U,INSA,2022-05-14,1501,09.05.–13.05.,27,22,18,10,4,10,NA
BT05220516V,INSA,2022-05-16,2147,13.05.–16.05.,28,21.5,20.5,9,3,11,NA
BT02220517A,Forsa,2022-05-17,2502,10.05.–16.05.,27,22,22,8,4,8,NA
BT06220520B,Forschungsgruppe Wahlen,2022-05-20,1162,17.05.–19.05.,26,22,24,7,4,10,NA
BT03220521G,Verian,2022-05-21,1425,11.05.–17.05.,26,22,21,8,5,10,NA
BT05220521W,INSA,2022-05-21,1214,16.05.–20.05.,28,21,19,10,3,10,NA
BT05220523X,INSA,2022-05-23,2100,20.05.–23.05.,28.5,22,20,8.5,3,10.5,NA
BT02220524B,Forsa,2022-05-24,2505,17.05.–23.05.,28,21,23,7,4,9,NA
BT09220527G,Allensbach,2022-05-27,1118,06.05.–18.05.,29,24,20.5,8,4.5,9,NA
BT03220528H,Verian,2022-05-28,1422,17.05.–24.05.,27,21,21,8,5,9,NA
BT05220528Y,INSA,2022-05-28,1337,23.05.–27.05.,27,23,19,9,4,9,NA
BT05220530A,INSA,2022-05-30,2056,27.05.–30.05.,27,22,20.5,8.5,3.5,10,NA
BT02220531C,Forsa,2022-05-31,2004,24.05.–30.05.,29,19,24,7,4,9,NA
BT04220531B,GMS,2022-05-31,1005,25.05.–30.05.,30,22,20,8,4,7,NA
BT01220602L,Infratest dimap,2022-06-02,1337,30.05.–01.06.,27,21,21,8,4,11,NA
BT03220604I,Verian,2022-06-04,1428,24.05.–31.05.,28,20,23,8,4,8,NA
BT05220604B,INSA,2022-06-04,1501,30.05.–03.06.,27,22,20,9,4,9,NA
BT02220607D,Forsa,2022-06-07,2002,31.05.–03.06.,27,19,23,8,4,10,NA
BT05220607C,INSA,2022-06-07,2055,03.06.–07.06.,27,20,21.5,9.5,3.5,10.5,NA
BT13220610S,YouGov,2022-06-10,1633,03.06.–07.06.,30,18,21,7,6,12,NA
BT03220611J,Verian,2022-06-11,1428,01.06.–07.06.,26,22,23,9,4,8,NA
BT05220611D,INSA,2022-06-11,1203,07.06.–10.06.,27,21,21,9,4,10,NA
BT05220613E,INSA,2022-06-13,2082,10.06.–13.06.,27.5,20,21,9.5,3.5,10.5,NA
BT02220614E,Forsa,2022-06-14,2511,07.06.–13.06.,27,20,23,8,4,9,NA
BT06220617C,Forschungsgruppe Wahlen,2022-06-17,1133,13.06.–15.06.,26,22,25,6,5,10,NA
BT03220618K,Verian,2022-06-18,1895,08.06.–14.06.,28,20,22,8,4,9,NA
BT05220619F,INSA,2022-06-19,1501,13.06.–17.06.,27,20,21,9,4,10,NA
BT05220620G,INSA,2022-06-20,2063,17.06.–20.06.,28,19.5,21,9.5,4,10,NA
BT02220621F,Forsa,2022-06-21,2504,14.06.–20.06.,28,19,23,8,4,9,NA
BT04220621C,GMS,2022-06-21,1003,15.06.–20.06.,29,21,21,8,4,8,NA
BT09220622H,Allensbach,2022-06-22,1046,03.06.–17.06.,27,23,22,8,4.5,10,NA
BT01220623M,Infratest dimap,2022-06-23,1248,21.06.–22.06.,26,20,23,8,4,12,NA
BT03220625L,Verian,2022-06-25,1769,14.06.–21.06.,26,20,24,8,4,10,NA
BT05220625H,INSA,2022-06-25,1414,20.06.–24.06.,26,20,22,9,4,11,NA
BT05220627I,INSA,2022-06-27,2101,24.06.–27.06.,27,20,21.5,9,4,10.5,NA
BT02220628G,Forsa,2022-06-28,2500,21.06.–27.06.,26,20,24,8,4,9,NA
BT06220701D,Forschungsgruppe Wahlen,2022-07-01,1186,28.06.–30.06.,27,21,25,6,5,10,NA
BT03220702M,Verian,2022-07-02,1410,21.06.–28.06.,26,20,25,8,4,10,NA
BT05220702J,INSA,2022-07-02,1253,27.06.–01.07.,27,20,22,9,4,11,NA
BT05220704K,INSA,2022-07-04,2066,01.07.–04.07.,28,19,21,9.5,4,11,NA
BT02220705H,Forsa,2022-07-05,2502,28.06.–02.07.,26,20,24,8,4,9,NA
BT01220707N,Infratest dimap,2022-07-07,1327,04.07.–06.07.,27,19,23,8,4,11,NA
BT13220708T,YouGov,2022-07-08,1655,01.07.–05.07.,28,19,20,7,5,12,NA
BT03220709N,Verian,2022-07-09,1426,28.06.–05.07.,25,20,24,7,5,10,NA
BT05220710L,INSA,2022-07-10,1202,04.07.–08.07.,28,19,22,8,4,10,NA
BT02220712I,Forsa,2022-07-12,2503,05.07.–11.07.,26,19,24,7,5,9,NA
BT05220712M,INSA,2022-07-12,2044,08.07.–11.07.,27,20,21,8.5,4.5,11,NA
BT06220715E,Forschungsgruppe Wahlen,2022-07-15,1167,12.07.–14.07.,26,21,25,6,5,11,NA
BT03220716O,Verian,2022-07-16,1433,06.07.–12.07.,25,20,24,8,4,11,NA
BT05220716N,INSA,2022-07-16,1277,11.07.–15.07.,26,19,22,8,5,11,NA
BT05220718O,INSA,2022-07-18,2062,15.07.–18.07.,26.5,18.5,22,8,4.5,12,NA
BT02220719J,Forsa,2022-07-19,2501,12.07.–18.07.,26,20,24,6,5,9,NA
BT01220721O,Infratest dimap,2022-07-21,1210,19.07.–20.07.,27,19,22,7,4,12,NA
BT03220723P,Verian,2022-07-23,1392,13.07.–19.07.,25,19,23,8,5,11,NA
BT05220723P,INSA,2022-07-23,1501,18.07.–22.07.,27,18,23,8,5,12,NA
BT05220725Q,INSA,2022-07-25,2043,22.07.–25.07.,26.5,18.5,22,8,5,12,NA
BT02220726K,Forsa,2022-07-26,2510,19.07.–25.07.,26,19,24,6,5,10,NA
BT09220727I,Allensbach,2022-07-27,1006,08.07.–21.07.,27.5,22,22,7,5,11,NA
BT04220727D,GMS,2022-07-27,1005,20.07.–25.07.,27,18,23,9,5,10,NA
BT03220730Q,Verian,2022-07-30,1413,19.07.–26.07.,26,21,22,7,5,11,NA
BT05220730R,INSA,2022-07-30,1202,25.07.–29.07.,26,19,22,9,5,12,NA
BT05220801S,INSA,2022-08-01,2144,29.07.–01.08.,26.5,18.5,22,8,5,12,NA
BT02220802L,Forsa,2022-08-02,2504,26.07.–01.08.,27,18,24,7,5,10,NA
BT01220804P,Infratest dimap,2022-08-04,1313,01.08.–03.08.,28,17,23,7,4,13,NA
BT03220806R,Verian,2022-08-06,1426,26.07.–02.08.,25,21,23,6,5,11,NA
BT05220806T,INSA,2022-08-06,1701,01.08.–05.08.,27,19,21,9,5,12,NA
BT05220808U,INSA,2022-08-08,2099,05.08.–08.08.,27,18,21.5,8,5.5,12.5,NA
BT02220809M,Forsa,2022-08-09,2504,02.08.–08.08.,26,18,24,7,5,10,NA
BT06220812F,Forschungsgruppe Wahlen,2022-08-12,1389,09.08.–11.08.,26,19,26,7,4,12,NA
BT13220812U,YouGov,2022-08-12,1595,05.08.–10.08.,27,19,21,6,6,14,NA
BT03220813S,Verian,2022-08-13,1422,03.08.–09.08.,27,21,22,7,5,11,NA
BT05220813V,INSA,2022-08-13,1502,05.08.–12.08.,27,19,22,9,5,12,NA
BT05220815W,INSA,2022-08-15,2146,12.08.–15.08.,28,19,22,8,5,12,NA
BT02220816N,Forsa,2022-08-16,2500,09.08.–15.08.,26,18,25,6,4,11,NA
BT01220818Q,Infratest dimap,2022-08-18,1273,16.08.–17.08.,28,18,23,7,4,12,NA
BT03220820T,Verian,2022-08-20,1429,10.08.–16.08.,28,20,23,6,4,12,NA
BT05220820X,INSA,2022-08-20,1427,15.08.–19.08.,28,19,21,8,5,12,NA
BT05220822Y,INSA,2022-08-22,2091,19.08.–22.08.,28,18.5,21,7.5,5.5,13,NA
BT02220823O,Forsa,2022-08-23,2505,16.08.–22.08.,26,18,25,7,4,11,NA
BT09220824J,Allensbach,2022-08-24,1038,05.08.–08.08.,29,19.5,21,8,5,12,NA
BT03220827U,Verian,2022-08-27,1431,17.08.–23.08.,26,19,23,7,5,12,NA
BT05220827A,INSA,2022-08-27,1204,22.08.–26.08.,28,20,21,8,5,12,NA
BT05220829B,INSA,2022-08-29,2138,26.08.–29.08.,27.5,19,20.5,8,5.5,13,NA
BT02220830P,Forsa,2022-08-30,2503,23.08.–29.08.,26,17,25,7,5,11,NA
BT01220901R,Infratest dimap,2022-09-01,1324,29.08.–31.08.,27,17,22,8,5,13,NA
BT03220903V,Verian,2022-09-03,1411,24.08.–30.08.,24,21,22,8,5,12,NA
BT05220903C,INSA,2022-09-03,1203,29.08.–02.09.,28,19,20,8,5,13,NA
BT02220906Q,Forsa,2022-09-06,2500,30.08.–05.09.,26,18,24,7,5,11,NA
BT05220906D,INSA,2022-09-06,2004,02.09.–05.09.,28,18,20.5,7.5,5.5,13.5,NA
BT06220909G,Forschungsgruppe Wahlen,2022-09-09,1299,06.09.–08.09.,28,19,23,6,5,13,NA
BT03220910W,Verian,2022-09-10,1416,31.08.–06.09.,25,20,21,8,5,12,NA
BT05220910E,INSA,2022-09-10,1443,05.09.–09.09.,27,19,20,8,5,13,NA
BT05220912F,INSA,2022-09-12,2039,09.09.–12.09.,28,18,20,8,5.5,13.5,NA
BT02220913R,Forsa,2022-09-13,2501,06.09.–13.09.,28,19,20,6,5,13,NA
BT01220915S,Infratest dimap,2022-09-15,1224,13.09.–14.09.,28,17,21,7,5,14,NA
BT09220916K,Allensbach,2022-09-16,1030,01.09.–14.09.,30,20,19,7,5.5,13,NA
BT13220916V,YouGov,2022-09-16,1635,09.09.–13.09.,29,16,19,6,7,14,NA
BT03220917X,Verian,2022-09-17,1443,07.09.–13.09.,26,20,21,7,5,13,NA
BT05220917G,INSA,2022-09-17,1476,12.09.–16.09.,28,19,19,7,6,13,NA
BT02220920S,Forsa,2022-09-20,2506,13.09.–19.09.,28,19,19,7,5,13,NA
BT05220920H,INSA,2022-09-20,2080,16.09.–19.09.,28.5,18.5,19,7.5,5.5,14,NA
BT04220921E,GMS,2022-09-21,1003,14.09.–20.09.,28,18,21,7,4,13,NA
BT03220924Y,Verian,2022-09-24,1444,14.09.–20.09.,27,19,20,7,5,14,NA
BT05220924I,INSA,2022-09-24,1255,19.09.–23.09.,28,19,19,8,5,14,NA
BT05220926J,INSA,2022-09-26,2102,23.09.–26.09.,27.5,18,19.5,8,5.5,15,NA
BT02220927T,Forsa,2022-09-27,2505,20.09.–26.09.,28,18,20,7,5,13,NA
BT06220930H,Forschungsgruppe Wahlen,2022-09-30,1355,27.09.–29.09.,27,18,22,7,5,14,NA
BT03221001A,Verian,2022-10-01,1381,22.09.–27.09.,27,19,21,8,5,13,NA
BT05221001K,INSA,2022-10-01,1210,26.09.–30.09.,28,19,18,8,6,15,NA
BT02221004U,Forsa,2022-10-04,2001,27.09.–30.09.,28,18,20,6,5,14,NA
BT05221004L,INSA,2022-10-04,2008,29.09.–04.10.,27.5,19,18.5,8,5.5,15,NA
BT01221006T,Infratest dimap,2022-10-06,1307,03.10.–05.10.,28,17,19,7,5,15,NA
BT03221008B,Verian,2022-10-08,1864,28.09.–04.10.,27,18,20,8,6,14,NA
BT05221008M,INSA,2022-10-08,1315,04.10.–07.10.,27,19,19,8,5,15,NA
BT05221010N,INSA,2022-10-10,2005,07.10.–10.10.,27.5,19.5,19,7.5,5,15,NA
BT02221011V,Forsa,2022-10-11,2501,04.10.–10.10.,28,18,20,6,5,14,NA
BT01221013U,Infratest dimap,2022-10-13,1225,11.10.–12.10.,26,19,20,6,5,15,NA
BT13221014W,YouGov,2022-10-14,1617,07.10.–12.10.,29,16,19,6,6,15,NA
BT03221015C,Verian,2022-10-15,1433,05.10.–11.10.,25,20,21,6,5,15,NA
BT05221016O,INSA,2022-10-16,1327,10.10.–14.10.,28,19,18,8,5,15,NA
BT05221017Q,INSA,2022-10-17,2000,14.10.–17.10.,27.5,19.5,18.5,7.5,4.5,15.5,NA
BT02221018W,Forsa,2022-10-18,2505,11.10.–17.10.,27,20,20,6,4,14,NA
BT09221020L,Allensbach,2022-10-20,1021,01.10.–13.10.,30.5,19,19,7,5,14,NA
BT06221021I,Forschungsgruppe Wahlen,2022-10-21,1389,18.10.–20.10.,28,19,21,6,5,15,NA
BT03221022D,Verian,2022-10-22,1435,12.10.–18.10.,23,22,20,7,4,16,NA
BT05221023R,INSA,2022-10-23,1503,17.10.–21.10.,27,20,18,8,5,15,NA
BT02221025X,Forsa,2022-10-25,2502,18.10.–24.10.,28,19,20,6,4,14,NA
BT05221025S,INSA,2022-10-25,2007,21.10.–24.10.,26.5,20.5,17.5,8.5,4.5,15,NA
BT04221026F,GMS,2022-10-26,1002,19.10.–25.10.,28,18,20,6,4,15,NA
BT03221029E,Verian,2022-10-29,1406,19.10.–25.10.,25,21,20,7,5,15,NA
BT05221030T,INSA,2022-10-30,1230,24.10.–28.10.,26,20,18,9,5,15,NA
BT05221101U,INSA,2022-11-01,2009,28.10.–31.10.,26,20.5,18,9,4.5,15,NA
BT02221102Y,Forsa,2022-11-02,2503,25.10.–31.10.,27,20,20,6,4,14,NA
BT01221103V,Infratest dimap,2022-11-03,1307,31.10.–02.11.,28,19,19,6,5,14,NA
BT03221105F,Verian,2022-11-05,1516,25.10.–02.11.,26,21,19,8,5,14,NA
BT05221106V,INSA,2022-11-06,1286,01.11.–04.11.,27,21,17,8,5,15,NA
BT05221107W,INSA,2022-11-07,2007,04.11.–07.11.,27,21,17.5,8,4.5,14.5,NA
BT02221108A,Forsa,2022-11-08,2502,01.11.–07.11.,28,19,19,6,5,14,NA
BT01221110W,Infratest dimap,2022-11-10,1225,08.11.–09.11.,28,18,19,7,4,14,NA
BT06221111J,Forschungsgruppe Wahlen,2022-11-11,1310,08.11.–10.11.,28,19,22,5,5,15,NA
BT13221111X,YouGov,2022-11-11,1608,04.11.–09.11.,29,18,20,5,7,16,NA
BT03221112G,Verian,2022-11-12,1442,02.11.–08.11.,26,21,20,7,5,14,NA
BT05221113X,INSA,2022-11-13,1255,08.11.–11.11.,28,21,18,7,4,15,NA
BT05221114Y,INSA,2022-11-14,2010,11.11.–14.11.,27.5,20.5,17.5,7,4.5,15,NA
BT02221115B,Forsa,2022-11-15,2503,08.11.–14.11.,28,19,20,6,4,14,NA
BT03221119H,Verian,2022-11-19,1443,09.11.–15.11.,27,20,19,7,5,13,NA
BT05221120A,INSA,2022-11-20,1314,14.11.–18.11.,28,20,17,7,5,15,NA
BT05221121B,INSA,2022-11-21,2004,18.11.–21.11.,28,20,17,7.5,5,15,NA
BT02221122C,Forsa,2022-11-22,2502,15.11.–21.11.,28,19,20,6,5,13,NA
BT09221124M,Allensbach,2022-11-24,1042,05.11.–17.11.,29.5,20,20,7,4,14,NA
BT06221125K,Forschungsgruppe Wahlen,2022-11-25,1273,22.11.–24.11.,28,19,22,5,6,14,NA
BT03221126I,Verian,2022-11-26,1430,15.11.–22.11.,29,19,19,7,4,13,NA
BT05221127C,INSA,2022-11-27,1501,21.11.–25.11.,27,21,18,7,5,15,NA
BT05221128D,INSA,2022-11-28,2006,25.11.–28.11.,27,21,17.5,7,5,15,NA
BT02221129D,Forsa,2022-11-29,2505,22.11.–28.11.,29,19,20,6,5,12,NA
BT01221201X,Infratest dimap,2022-12-01,1318,28.11.–30.11.,30,18,18,5,5,15,NA
BT04221202G,GMS,2022-12-02,1005,28.11.–01.12.,28,18,21,7,4,12,NA
BT03221203J,Verian,2022-12-03,1414,22.11.–29.11.,27,18,20,7,5,14,NA
BT05221203E,INSA,2022-12-03,1502,28.11.–02.12.,28,20,17,7,5,15,NA
BT02221206E,Forsa,2022-12-06,2500,29.11.–05.12.,29,19,19,7,5,12,NA
BT05221206F,INSA,2022-12-06,2008,03.12.–05.12.,28,20.5,17,7,5,14.5,NA
BT01221208Y,Infratest dimap,2022-12-08,1259,06.12.–07.12.,29,18,18,6,5,15,NA
BT03221210K,Verian,2022-12-10,1443,30.11.–06.12.,27,19,19,6,5,15,NA
BT05221211G,INSA,2022-12-11,1502,02.12.–09.12.,28,20,18,7,4,15,NA
BT02221213F,Forsa,2022-12-13,2506,06.12.–12.12.,29,19,19,7,5,12,NA
BT05221213H,INSA,2022-12-13,2007,09.12.–12.12.,28.5,20,18,7,4.5,15.5,NA
BT06221216M,Forschungsgruppe Wahlen,2022-12-16,1365,12.12.–15.12.,28,20,20,6,5,15,NA
BT03221217L,Verian,2022-12-17,1429,07.12.–12.12.,28,18,19,7,5,14,NA
BT05221217I,INSA,2022-12-17,1501,12.12.–16.12.,27,21,18,7,5,15,NA
BT05221219J,INSA,2022-12-19,2005,16.12.–19.12.,27.5,21,17.5,7.5,4.5,14.5,NA
BT02221220G,Forsa,2022-12-20,2503,13.12.–19.12.,28,19,19,7,5,13,NA
BT09221221N,Allensbach,2022-12-21,1035,02.12.–15.12.,30,22,18,7.5,4.5,12,NA
BT13221222Y,YouGov,2022-12-22,1608,16.12.–21.12.,30,19,17,7,5,14,NA
BT03221224M,Verian,2022-12-24,1717,13.12.–15.12.,29,19,18,7,5,14,NA
BT05221224K,INSA,2022-12-24,1203,19.12.–22.12.,27,21,17,8,5,14,NA
BT05221231L,INSA,2022-12-31,1205,27.12.–29.12.,26,20,18,7,5,15,NA
BT05230102M,INSA,2023-01-02,2010,29.12.–02.01.,27,20,17.5,7.5,4.5,15,NA
BT04230104H,GMS,2023-01-04,1002,28.12.–03.01.,29,19,17,7,5,14,NA
BT01230105A,Infratest dimap,2023-01-05,1314,02.01.–04.01.,29,18,19,6,5,15,NA
BT05230108N,INSA,2023-01-08,1465,02.01.–06.01.,27,20,18,7,5,15,NA
BT05230109O,INSA,2023-01-09,2006,06.01.–09.01.,27,20,17.5,7.5,5,15,NA
BT02230110H,Forsa,2023-01-10,2502,03.01.–09.01.,29,18,20,7,5,13,NA
BT06230113N,Forschungsgruppe Wahlen,2023-01-13,1259,10.01.–12.01.,27,20,21,6,6,14,NA
BT13230113A,YouGov,2023-01-13,1561,06.01.–10.01.,27,18,17,8,6,16,NA
BT03230114N,Verian,2023-01-14,1398,04.01.–10.01.,28,19,18,7,4,14,NA
BT05230114P,INSA,2023-01-14,1202,09.01.–13.01.,27,20,17,8,5,15,NA
BT05230116Q,INSA,2023-01-16,2006,13.01.–16.01.,28,21,16.5,7.5,5,15,NA
BT02230117I,Forsa,2023-01-17,2500,10.01.–16.01.,28,18,20,7,5,13,NA
BT01230119B,Infratest dimap,2023-01-19,1211,17.01.–18.01.,29,19,19,6,4,14,NA
BT03230121O,Verian,2023-01-21,1418,11.01.–17.01.,27,20,20,6,5,14,NA
BT05230121R,INSA,2023-01-21,1504,16.01.–20.01.,28,20,16,7,5,15,NA
BT05230123S,INSA,2023-01-23,2009,20.01.–23.01.,28,20.5,16.5,7.5,4.5,15,NA
BT02230124J,Forsa,2023-01-24,2502,17.01.–23.01.,28,19,20,7,5,12,NA
BT09230126O,Allensbach,2023-01-26,1023,05.01.–18.01.,31,21,17,6,4.5,14,NA
BT06230127O,Forschungsgruppe Wahlen,2023-01-27,1345,24.01.–26.01.,27,21,19,6,6,15,NA
BT03230128P,Verian,2023-01-28,1392,18.01.–24.01.,27,21,19,7,5,14,NA
BT05230128T,INSA,2023-01-28,1506,24.01.–27.01.,29,20,16,7,5,15,NA
BT05230130U,INSA,2023-01-30,2007,27.01.–30.01.,28.5,20.5,16,7.5,5,15,NA
BT02230131K,Forsa,2023-01-31,2503,24.01.–30.01.,27,20,19,7,5,13,NA
BT01230202C,Infratest dimap,2023-02-02,1328,30.01.–01.02.,27,20,18,7,4,15,NA
BT03230204Q,Verian,2023-02-04,1405,25.01.–31.01.,25,21,19,7,5,15,NA
BT05230204V,INSA,2023-02-04,1462,30.01.–03.02.,28,21,16,8,5,15,NA
BT05230206W,INSA,2023-02-06,2008,03.02.–06.02.,27,21,16,8,5,15.5,NA
BT02230207L,Forsa,2023-02-07,2502,31.01.–06.02.,28,21,18,7,5,13,NA
BT13230210B,YouGov,2023-02-10,1736,03.02.–09.02.,27,19,16,6,6,17,NA
BT03230211R,Verian,2023-02-11,1410,31.01.–07.02.,25,21,19,7,5,15,NA
BT05230211X,INSA,2023-02-11,1457,06.02.–10.02.,28,20,16,8,5,16,NA
BT05230213Y,INSA,2023-02-13,2005,10.02.–13.02.,28,20,16,7.5,5,16,NA
BT02230214M,Forsa,2023-02-14,2505,07.02.–13.02.,28,21,18,6,5,13,NA
BT09230215Q,Allensbach,2023-02-15,1088,27.01.–09.02.,30,22.5,16,7.5,4,14,NA
BT01230216D,Infratest dimap,2023-02-16,1216,14.02.–15.02.,29,19,17,6,5,15,NA
BT06230217P,Forschungsgruppe Wahlen,2023-02-17,1361,14.02.–16.02.,30,20,19,5,5,14,NA
BT03230218S,Verian,2023-02-18,1386,08.02.–14.02.,26,21,18,7,5,15,NA
BT05230218A,INSA,2023-02-18,1207,13.02.–17.02.,29,21,16,7,5,16,NA
BT05230220B,INSA,2023-02-20,2006,17.02.–20.02.,29,21.5,15.5,7,5,15.5,NA
BT02230221N,Forsa,2023-02-21,2510,14.02.–20.02.,31,19,17,6,5,13,NA
BT04230221I,GMS,2023-02-21,1004,15.02.–20.02.,29,19,17,7,5,15,NA
BT03230225T,Verian,2023-02-25,1373,14.02.–21.02.,29,21,17,6,5,15,NA
BT05230225C,INSA,2023-02-25,1200,20.02.–24.02.,29,21,16,7,5,15,NA
BT05230227D,INSA,2023-02-27,2010,24.02.–27.02.,29.5,20.5,15.5,7.5,4.5,15.5,NA
BT02230228O,Forsa,2023-02-28,2501,21.02.–27.02.,31,20,17,5,5,13,NA
BT01230302E,Infratest dimap,2023-03-02,1311,27.02.–01.03.,31,18,17,6,5,14,NA
BT06230303Q,Forschungsgruppe Wahlen,2023-03-03,1165,28.02.–02.03.,29,21,18,5,5,15,NA
BT03230304U,Verian,2023-03-04,1722,21.02.–28.02.,28,20,18,6,6,14,NA
BT05230305E,INSA,2023-03-05,1203,27.02.–03.03.,30,20,16,7,5,15,NA
BT02230307P,Forsa,2023-03-07,2504,28.02.–06.03.,31,20,17,5,5,13,NA
BT05230307F,INSA,2023-03-07,2007,03.03.–06.03.,29.5,20,15.5,7.5,5,15.5,NA
BT13230310B,YouGov,2023-03-10,1649,03.03.–07.03.,28,20,16,6,7,17,NA
BT03230311V,Verian,2023-03-11,1504,01.03.–07.03.,29,19,19,7,5,13,NA
BT05230311G,INSA,2023-03-11,1268,06.03.–10.03.,29,21,16,7,4,15,NA
BT05230313H,INSA,2023-03-13,2002,10.03.–13.03.,28.5,21.5,15.5,7.5,4,16,NA
BT02230314Q,Forsa,2023-03-14,2505,07.03.–13.03.,29,20,17,6,5,14,NA
BT01230316F,Infratest dimap,2023-03-16,1215,14.03.–15.03.,30,18,16,7,5,15,NA
BT06230317R,Forschungsgruppe Wahlen,2023-03-17,1146,14.03.–16.03.,29,21,19,5,5,14,NA
BT03230318W,Verian,2023-03-18,1423,08.03.–14.03.,28,19,18,7,5,15,NA
BT05230319I,INSA,2023-03-19,1202,13.03.–17.03.,28,21,15,8,5,16,NA
BT05230320J,INSA,2023-03-20,2006,17.03.–20.03.,28,21.5,15,7.5,5,16,NA
BT02230321R,Forsa,2023-03-21,2503,14.03.–20.03.,29,19,18,6,5,14,NA
BT09230323R,Allensbach,2023-03-23,1101,02.03.–15.03.,31,21,16,6.5,4.5,15,NA
BT03230325X,Verian,2023-03-25,1504,14.03.–21.03.,28,18,18,7,5,15,NA
BT05230325L,INSA,2023-03-25,1203,20.03.–24.03.,28,21,16,8,4,15,NA
BT05230327M,INSA,2023-03-27,2004,24.03.–27.03.,28,20.5,16,8,4,15.5,NA
BT02230328S,Forsa,2023-03-28,2506,21.03.–27.03.,29,19,18,6,4,14,NA
BT06230331S,Forschungsgruppe Wahlen,2023-03-31,1379,28.03.–30.03.,30,19,17,7,5,15,NA
BT03230401Y,Verian,2023-04-01,1387,21.03.–28.03.,28,18,19,7,4,15,NA
BT05230401N,INSA,2023-04-01,1200,27.03.–31.03.,27,21,16,8,4,16,NA
BT05230403O,INSA,2023-04-03,2007,31.03.–03.04.,28,20,15.5,7.5,4.5,16,NA
BT02230404T,Forsa,2023-04-04,2502,28.03.–03.04.,29,18,18,7,4,14,NA
BT04230404J,GMS,2023-04-04,1007,29.03.–03.04.,31,19,17,6,4,15,NA
BT01230406G,Infratest dimap,2023-04-06,1304,03.04.–05.04.,30,18,17,7,4,15,NA
BT13230406C,YouGov,2023-04-06,1522,30.03.–04.04.,30,20,15,6,6,17,NA
BT03230408A,Verian,2023-04-08,1269,29.03.–04.04.,27,20,18,8,5,14,NA
BT05230408P,INSA,2023-04-08,1204,03.04.–06.04.,28,20,16,8,4,16,NA
BT02230411U,Forsa,2023-04-11,1501,04.04.–06.04.,30,18,18,7,4,14,NA
BT05230411Q,INSA,2023-04-11,2005,06.04.–11.04.,27.5,20,15.5,8,4.5,16,NA
BT01230413H,Infratest dimap,2023-04-13,1204,11.04.–12.04.,29,19,17,7,4,15,NA
BT03230415B,Verian,2023-04-15,1367,05.04.–11.04.,27,21,17,8,5,14,NA
BT05230415R,INSA,2023-04-15,1204,11.04.–14.04.,27,21,15,8,5,16,NA
BT05230417S,INSA,2023-04-17,2008,14.04.–17.04.,27.5,21,15,8,4.5,16,NA
BT02230418V,Forsa,2023-04-18,2508,11.04.–17.04.,29,18,17,7,4,15,NA
BT06230421T,Forschungsgruppe Wahlen,2023-04-21,1266,18.04.–20.04.,31,18,18,6,4,15,NA
BT03230422C,Verian,2023-04-22,1407,12.04.–18.04.,29,19,17,7,4,15,NA
BT05230422T,INSA,2023-04-22,1202,17.04.–21.04.,28,20,15,9,4,16,NA
BT05230424U,INSA,2023-04-24,2004,21.04.–24.04.,27.5,20,14.5,9,4.5,16,NA
BT02230425W,Forsa,2023-04-25,2506,18.04.–24.04.,30,18,16,7,4,15,NA
BT09230426S,Allensbach,2023-04-26,1007,03.04.–18.04.,31,20,15,7.5,5,16,NA
BT03230429D,Verian,2023-04-29,1426,18.04.–25.04.,30,18,16,7,5,16,NA
BT05230429V,INSA,2023-04-29,1202,24.04.–28.04.,28,21,14,8,5,16,NA
BT02230502X,Forsa,2023-05-02,2007,25.04.–28.04.,30,17,16,7,4,16,NA
BT05230502W,INSA,2023-05-02,2006,28.04.–02.05.,27,21,15,8,4.5,16.5,NA
BT01230504I,Infratest dimap,2023-05-04,1360,02.05.–03.05.,30,17,16,7,5,16,NA
BT06230505U,Forschungsgruppe Wahlen,2023-05-05,1225,02.05.–04.05.,30,19,17,6,5,15,NA
BT03230506E,Verian,2023-05-06,1394,26.04.–02.05.,31,17,16,8,4,16,NA
BT05230506X,INSA,2023-05-06,1204,02.05.–05.05.,28,20,14,9,4,16,NA
BT05230508Y,INSA,2023-05-08,2008,05.05.–08.05.,28,20,14,9,4.5,16.5,NA
BT02230509Y,Forsa,2023-05-09,2505,02.05.–08.05.,29,18,16,7,4,16,NA
BT01230511J,Infratest dimap,2023-05-11,1220,09.05.–10.05.,28,18,16,8,5,16,NA
BT13230512D,YouGov,2023-05-12,1700,05.05.–09.05.,31,16,16,5,6,17,NA
BT03230513F,Verian,2023-05-13,1405,03.05.–09.05.,29,18,17,8,5,16,NA
BT05230513A,INSA,2023-05-13,1205,08.05.–12.05.,28,20,15,9,4,16,NA
BT05230515B,INSA,2023-05-15,2010,12.05.–15.05.,28,20,14.5,8.5,5,16.5,NA
BT02230516A,Forsa,2023-05-16,2503,09.05.–15.05.,30,17,15,8,4,16,NA
BT09230518T,Allensbach,2023-05-18,1001,28.04.–10.05.,32,18,16,8,5,15,NA
BT03230520G,Verian,2023-05-20,1401,09.05.–16.05.,28,18,16,8,5,16,NA
BT05230520B,INSA,2023-05-20,1195,15.05.–19.05.,28,21,14,8,5,17,NA
BT05230522C,INSA,2023-05-22,2004,19.05.–22.05.,27.5,20.5,14,8.5,5,17,NA
BT02230523B,Forsa,2023-05-23,2003,16.05.–22.05.,30,18,14,7,5,16,NA
BT06230526V,Forschungsgruppe Wahlen,2023-05-26,1257,23.05.–25.05.,28,20,16,6,5,17,NA
BT03230527H,Verian,2023-05-27,1321,16.05.–23.05.,29,18,15,8,5,16,NA
BT05230527D,INSA,2023-05-27,1207,22.05.–26.05.,28,20,13,9,4,18,NA
BT02230530C,Forsa,2023-05-30,2001,23.05.–26.05.,29,18,14,7,5,17,NA
BT05230531E,INSA,2023-05-31,2004,26.05.–30.05.,28,20.5,13,8.5,4.5,18,NA
BT01230601K,Infratest dimap,2023-06-01,1302,30.05.–31.05.,29,18,15,7,4,18,NA
BT03230603I,Verian,2023-06-03,1379,23.05.–30.05.,27,20,15,8,5,17,NA
BT05230603F,INSA,2023-06-03,1205,30.05.–02.06.,27,19,13,9,5,19,NA
BT05230605G,INSA,2023-06-05,2009,02.06.–05.06.,26.5,19,13.5,9,5,19,NA
BT02230606D,Forsa,2023-06-06,2505,30.05.–05.06.,30,18,14,7,4,17,NA
BT04230606K,GMS,2023-06-06,1001,31.05.–05.06.,29,18,15,7,4,19,NA
BT13230609E,YouGov,2023-06-09,1628,02.06.–07.06.,28,19,13,5,6,20,NA
BT03230610J,Verian,2023-06-10,1402,31.05.–06.06.,27,20,15,7,5,18,NA
BT05230610H,INSA,2023-06-10,1201,05.06.–09.06.,27,20,13,8,5,19,NA
BT05230612I,INSA,2023-06-12,2003,09.06.–12.06.,27,20,13,8,4.5,19.5,NA
BT02230613E,Forsa,2023-06-13,2504,06.06.–12.06.,29,18,14,7,4,19,NA
BT06230616W,Forschungsgruppe Wahlen,2023-06-16,1224,13.06.–15.06.,28,19,16,6,5,18,NA
BT03230617K,Verian,2023-06-17,1387,06.06.–13.06.,27,20,15,6,5,19,NA
BT05230617J,INSA,2023-06-17,1203,12.06.–16.06.,27,20,13,8,4,19,NA
BT05230619K,INSA,2023-06-19,2006,16.06.–19.06.,26.5,20,13.5,7.5,4.5,20,NA
BT02230620F,Forsa,2023-06-20,2503,13.06.–19.06.,27,18,15,7,4,19,NA
BT01230622L,Infratest dimap,2023-06-22,1191,20.06.–21.06.,29,17,15,6,4,19,NA
BT03230624L,Verian,2023-06-24,1406,14.06.–20.06.,27,19,15,7,4,20,NA
BT05230624L,INSA,2023-06-24,1203,19.06.–23.06.,26,20,13,7,4,20,NA
BT05230626M,INSA,2023-06-26,2004,23.06.–26.06.,26.5,19.5,13.5,6.5,4.5,20.5,NA
BT02230627G,Forsa,2023-06-27,2506,20.06.–26.06.,27,18,15,7,4,19,NA
BT09230629U,Allensbach,2023-06-29,1039,09.06.–22.06.,31,19,15,8,4,17,NA
BT06230630X,Forschungsgruppe Wahlen,2023-06-30,1379,27.06.–29.06.,28,18,16,6,5,19,NA
BT03230701M,Verian,2023-07-01,1408,20.06.–27.06.,26,18,15,7,5,19,NA
BT05230701N,INSA,2023-07-01,1401,26.06.–30.06.,26,19,14,7,5,20,NA
BT05230703O,INSA,2023-07-03,2897,30.06.–03.07.,25.5,19,14.5,6.5,5,21,NA
BT02230704H,Forsa,2023-07-04,2501,27.06.–03.07.,27,18,15,6,5,19,NA
BT04230704L,GMS,2023-07-04,1005,28.06.–03.07.,28,17,14,7,4,20,NA
BT01230706M,Infratest dimap,2023-07-06,1305,03.07.–05.07.,28,18,14,7,4,20,NA
BT13230707F,YouGov,2023-07-07,1694,30.06.–04.07.,27,18,14,6,6,21,NA
BT03230708N,Verian,2023-07-08,1403,28.06.–04.07.,27,18,15,6,5,20,NA
BT05230708P,INSA,2023-07-08,1204,03.07.–07.07.,27,19,13,7,5,20,NA
BT05230710Q,INSA,2023-07-10,2008,07.07.–10.07.,26,19,14,7,5,20.5,NA
BT02230711I,Forsa,2023-07-11,2003,04.07.–07.07.,27,18,14,7,5,19,NA
BT06230714Y,Forschungsgruppe Wahlen,2023-07-14,1346,11.07.–13.07.,27,17,16,7,4,20,NA
BT03230715O,Verian,2023-07-15,1393,29.06.–05.07.,26,19,15,7,5,20,NA
BT05230715R,INSA,2023-07-15,1184,10.07.–14.07.,27,18,14,7,5,20,NA
BT05230717S,INSA,2023-07-17,2004,14.07.–17.07.,27,18,14,7,5,20.5,NA
BT02230718J,Forsa,2023-07-18,2502,11.07.–17.07.,26,18,15,7,4,20,NA
BT01230720N,Infratest dimap,2023-07-20,1235,18.07.–19.07.,28,18,13,7,4,20,NA
BT03230722P,Verian,2023-07-22,1403,12.07.–18.07.,26,18,16,7,5,20,NA
BT05230722T,INSA,2023-07-22,1266,17.07.–21.07.,26,18,14,7,5,22,NA
BT02230725K,Forsa,2023-07-25,2504,18.07.–24.07.,27,18,14,6,5,19,NA
BT05230725U,INSA,2023-07-25,2006,21.07.–24.07.,26.5,18.5,14,7.5,4.5,21.5,NA
BT09230727V,Allensbach,2023-07-27,1011,07.07.–19.07.,29,19,16,7,4,18,NA
BT03230729R,Verian,2023-07-29,1402,13.07.–19.07.,27,18,16,6,5,20,NA
BT05230729V,INSA,2023-07-29,1200,24.07.–28.07.,26,18,14,7,5,22,NA
BT05230731W,INSA,2023-07-31,2003,28.07.–31.07.,26.5,18.5,14,6.5,5,21.5,NA
BT02230801L,Forsa,2023-08-01,2500,25.07.–31.07.,25,17,15,6,5,21,NA
BT01230803O,Infratest dimap,2023-08-03,1297,31.07.–02.08.,27,17,15,7,4,21,NA
BT13230804G,YouGov,2023-08-04,1756,25.07.–02.08.,27,17,14,5,6,23,NA
BT03230805S,Verian,2023-08-05,1310,19.07.–02.08.,27,19,16,6,5,19,NA
BT05230805X,INSA,2023-08-05,1203,31.07.–04.08.,27,19,14,7,5,21,NA
BT05230807Y,INSA,2023-08-07,2004,04.08.–07.08.,27,19,14.5,7.5,4.5,20.5,NA
BT02230808M,Forsa,2023-08-08,2502,01.08.–07.08.,25,17,15,7,4,21,NA
BT04230809M,GMS,2023-08-09,1004,02.08.–09.08.,27,17,14,7,4,21,NA
BT03230812T,Verian,2023-08-12,1330,01.08.–08.08.,27,19,16,6,6,18,NA
BT05230812A,INSA,2023-08-12,1200,07.08.–11.08.,26,20,13,7,5,21,NA
BT05230814B,INSA,2023-08-14,2002,11.08.–14.08.,26,19.5,13.5,7,4.5,21,NA
BT02230815N,Forsa,2023-08-15,2501,08.08.–14.08.,25,17,15,7,4,21,NA
BT01230817P,Infratest dimap,2023-08-17,1216,15.08.–16.08.,27,17,14,7,4,21,NA
BT06230818A,Forschungsgruppe Wahlen,2023-08-18,1288,15.08.–17.08.,26,19,15,7,5,20,NA
BT03230819U,Verian,2023-08-19,1426,09.08.–15.08.,26,18,15,7,5,19,NA
BT05230819C,INSA,2023-08-19,1203,14.08.–18.08.,27,18,14,8,5,21,NA
BT05230821D,INSA,2023-08-21,2008,18.08.–21.08.,26.5,18.5,14,8,5,20.5,NA
BT02230822O,Forsa,2023-08-22,2506,15.08.–21.08.,26,18,14,7,4,20,NA
BT09230823W,Allensbach,2023-08-23,1026,04.08.–16.08.,29,19,14,7,5,19,NA
BT03230826V,Verian,2023-08-26,1435,16.08.–22.08.,26,18,14,7,5,20,NA
BT05230826E,INSA,2023-08-26,1285,21.08.–25.08.,27,18,14,7,5,21,NA
BT05230828F,INSA,2023-08-28,2006,25.08.–28.08.,26.5,18,14.5,7,4.5,21,NA
BT02230829P,Forsa,2023-08-29,2504,22.08.–28.08.,26,17,14,7,4,21,NA
BT01230831Q,Infratest dimap,2023-08-31,1310,28.08.–30.08.,29,16,14,6,4,22,NA
BT03230902W,Verian,2023-09-02,1330,23.08.–29.08.,25,18,15,7,5,20,NA
BT05230902G,INSA,2023-09-02,1195,28.08.–01.09.,27,18,13,7,5,21,NA
BT05230904H,INSA,2023-09-04,2010,01.09.–04.09.,26.5,17.5,13.5,7.5,4.5,21.5,NA
BT02230905Q,Forsa,2023-09-05,2506,29.08.–04.09.,27,16,14,7,4,21,NA
BT13230908H,YouGov,2023-09-08,1833,01.09.–06.09.,29,16,14,5,5,23,NA
BT03230909X,Verian,2023-09-09,1441,30.08.–05.09.,26,17,15,6,5,21,NA
BT05230909I,INSA,2023-09-09,1201,04.09.–08.09.,27,18,13,7,5,22,NA
BT05230911J,INSA,2023-09-11,2002,08.09.–11.09.,26.5,18,14,7,4.5,22,NA
BT02230912R,Forsa,2023-09-12,2505,05.09.–11.09.,27,17,13,7,4,21,NA
BT01230914R,Infratest dimap,2023-09-14,1222,12.09.–13.09.,28,16,15,7,4,22,NA
BT06230915B,Forschungsgruppe Wahlen,2023-09-15,1201,12.09.–14.09.,26,17,16,6,5,21,NA
BT03230916Y,Verian,2023-09-16,1442,06.09.–12.09.,26,16,15,7,5,22,NA
BT05230916K,INSA,2023-09-16,1204,11.09.–15.09.,27,17,15,6,5,21,NA
BT02230919S,Forsa,2023-09-19,2504,12.09.–18.09.,27,17,14,6,4,22,NA
BT04230919N,GMS,2023-09-19,1002,13.09.–18.09.,27,16,15,6,4,23,NA
BT05230919L,INSA,2023-09-19,2008,15.09.–18.09.,26.5,17,14.5,6,5,21,NA
BT09230921X,Allensbach,2023-09-21,1030,04.09.–15.09.,30,18,14,7,5,19,NA
BT03230923A,Verian,2023-09-23,1370,13.09.–19.09.,27,17,15,7,4,21,NA
BT05230923M,INSA,2023-09-23,1203,18.09.–22.09.,27,17,14,6,5,22,NA
BT02230926T,Forsa,2023-09-26,2503,19.09.–25.09.,27,17,14,6,4,21,NA
BT05230926N,INSA,2023-09-26,2003,22.09.–25.09.,27,17.5,13.5,6.5,5,21.5,NA
BT01230928S,Infratest dimap,2023-09-28,1302,25.09.–27.09.,28,16,14,6,4,22,NA
BT03230930B,Verian,2023-09-30,1356,20.09.–26.09.,27,16,15,7,5,21,NA
BT05230930O,INSA,2023-09-30,1206,25.09.–29.09.,26,18,14,7,5,22,NA
BT02231002U,Forsa,2023-10-02,2004,26.09.–29.09.,28,18,14,5,4,20,NA
BT05231002P,INSA,2023-10-02,2010,29.09.–02.10.,26.5,18,13.5,7,5,22,NA
BT03231007C,Verian,2023-10-07,1391,26.09.–28.09.,26,16,16,7,5,21,NA
BT05231007Q,INSA,2023-10-07,1201,02.10.–06.10.,27,17,14,6,5,22,NA
BT02231010V,Forsa,2023-10-10,2003,04.10.–09.10.,28,18,14,6,4,20,NA
BT05231010R,INSA,2023-10-10,2001,06.10.–09.10.,27,17,13.5,6,5,22.5,NA
BT01231012T,Infratest dimap,2023-10-12,1203,10.10.–11.10.,29,15,13,5,4,23,NA
BT13231013I,YouGov,2023-10-13,1842,06.10.–10.10.,29,16,15,5,6,21,NA
BT03231014D,Verian,2023-10-14,1386,27.09.–10.10.,27,16,15,6,5,22,NA
BT05231014S,INSA,2023-10-14,1202,09.10.–13.10.,28,17,13,6,5,23,NA
BT05231016T,INSA,2023-10-16,2006,13.10.–16.10.,28,16.5,13,6,4.5,23,NA
BT02231017W,Forsa,2023-10-17,2501,10.10.–16.10.,32,14,14,4,4,21,NA
BT06231020C,Forschungsgruppe Wahlen,2023-10-20,1252,17.10.–19.10.,30,15,14,5,5,21,NA
BT03231021E,Verian,2023-10-21,1388,11.10.–17.10.,31,14,15,5,4,21,NA
BT05231021U,INSA,2023-10-21,1202,16.10.–20.10.,29,16,13,5,5,22,NA
BT02231024X,Forsa,2023-10-24,2504,17.10.–23.10.,31,14,14,5,4,21,NA
BT05231024V,INSA,2023-10-24,2004,20.10.–23.10.,28.5,16.5,13,5.5,5,22,NA
BT09231025Y,Allensbach,2023-10-25,1010,06.10.–19.10.,34,17,13,5,3,19,NA
BT03231028F,Verian,2023-10-28,1422,18.10.–24.10.,28,16,16,5,5,20,NA
BT05231028W,INSA,2023-10-28,1216,23.10.–27.10.,31,16,13,6,4,21,NA
BT05231030X,INSA,2023-10-30,2010,27.10.–30.10.,30.5,16.5,13,5.5,4,21,NA
BT02231031Y,Forsa,2023-10-31,2501,24.10.–30.10.,29,15,14,5,3,22,NA
BT01231102V,Infratest dimap,2023-11-02,1314,30.10.–01.11.,30,16,14,4,5,22,NA
BT03231104G,Verian,2023-11-04,1418,19.10.–25.10.,27,17,16,5,4,21,NA
BT05231105Y,INSA,2023-11-05,1204,30.10.–03.11.,30,16,13,6,4,22,NA
BT05231106A,INSA,2023-11-06,2006,03.11.–06.11.,29.5,16.5,13.5,5.5,4.5,22,NA
BT02231107A,Forsa,2023-11-07,2502,31.10.–06.11.,29,15,14,5,4,21,NA
BT01231109W,Infratest dimap,2023-11-09,1195,07.11.–08.11.,30,15,15,5,4,21,NA
BT06231110D,Forschungsgruppe Wahlen,2023-11-10,1234,07.11.–09.11.,30,16,15,5,4,21,NA
BT13231110K,YouGov,2023-11-10,1732,03.11.–07.11,29,15,15,5,5,22,NA
BT03231111H,Verian,2023-11-11,1443,25.10.–07.11.,28,16,16,6,4,20,NA
BT05231111B,INSA,2023-11-11,1204,06.11.–10.11.,30,17,14,5,4,21,NA
BT05231113C,INSA,2023-11-13,2008,10.11.–13.11.,30.5,16.5,13.5,5,4.5,21.5,NA
BT02231114B,Forsa,2023-11-14,2504,07.11.–13.11.,30,14,14,5,4,21,NA
BT03231118I,Verian,2023-11-18,1421,08.11.–14.11.,28,16,16,6,4,20,NA
BT05231118D,INSA,2023-11-18,1201,13.11.–17.11.,30,16,13,6,4,21,NA
BT02231121C,Forsa,2023-11-21,2501,14.11.–20.11.,30,15,14,5,3,21,NA
BT05231121E,INSA,2023-11-21,2003,17.11.–20.11.,30,16.5,13,5.5,4.5,21,NA
BT09231123A,Allensbach,2023-11-23,1047,03.11.–16.11.,32,17,13.5,6,3.5,19,NA
BT06231124E,Forschungsgruppe Wahlen,2023-11-24,1242,21.11.–23.11.,31,15,15,5,4,22,NA
BT03231125J,Verian,2023-11-25,1452,14.11.–21.11.,29,16,17,5,4,20,NA
BT05231125F,INSA,2023-11-25,1202,20.11.–24.11.,30,16,12,6,4,22,NA
BT05231127G,INSA,2023-11-27,2007,24.11.–27.11.,30.5,15.5,12.5,6,4,22,NA
BT02231128D,Forsa,2023-11-28,2500,21.11.–27.11.,30,14,15,5,4,21,NA
BT03231202K,Verian,2023-12-02,1806,20.11.–28.11.,29,17,16,5,4,19,NA
BT05231202H,INSA,2023-12-02,1202,27.11.–01.12.,30,16,13,6,3,22,NA
BT02231205E,Forsa,2023-12-05,2501,28.11.–04.12.,30,14,14,5,4,22,NA
BT05231205I,INSA,2023-12-05,2006,01.12.–04.12.,29.5,15.5,13,6,3.5,22.5,NA
BT01231207X,Infratest dimap,2023-12-07,1364,04.12.–06.12.,32,14,15,4,3,21,NA
BT13231208L,YouGov,2023-12-08,1669,01.12.–06.12,30,14,14,6,4,23,NA
BT03231209L,Verian,2023-12-09,1402,29.11.–05.12.,30,14,17,4,4,20,NA
BT05231209J,INSA,2023-12-09,1203,04.12.–08.12.,30,16,12,6,4,22,NA
BT02231212F,Forsa,2023-12-12,2501,05.12.–11.12.,31,14,13,5,4,22,NA
BT04231212P,GMS,2023-12-12,1001,06.12.–11.12.,32,14,15,5,2,22,NA
BT05231212K,INSA,2023-12-12,2008,08.12.–11.12.,30,16,12.5,6,4,22.5,NA
BT06231215F,Forschungsgruppe Wahlen,2023-12-15,1146,12.12.–14.12.,32,14,14,5,4,22,NA
BT03231216M,Verian,2023-12-16,1515,06.12.–12.12.,30,15,16,5,4,20,NA
BT05231216L,INSA,2023-12-16,1202,11.12.–15.12.,32,15,12,5,4,23,NA
BT05231218M,INSA,2023-12-18,2002,15.12.–18.12.,31.5,15.5,12.5,5,4,23,NA
BT02231219G,Forsa,2023-12-19,2501,12.12.–18.12.,31,14,13,5,3,23,NA
BT09231221B,Allensbach,2023-12-21,1013,01.12.–14.12.,34,17,15,5,3.5,18,NA
BT01231221Y,Infratest dimap,2023-12-21,1210,18.12.–20.12.,32,14,14,5,3,21,NA
BT03231223N,Verian,2023-12-23,1421,07.12.–13.12.,31,15,15,4,4,21,NA
BT05231223N,INSA,2023-12-23,1202,18.12.–22.12.,32,15,12,5,4,22,NA
BT05231228O,INSA,2023-12-28,2000,22.12.–27.12.,32,15,12,5,4,23,NA
BT05231231P,INSA,2023-12-31,1001,28.12.–29.12.,32,15,12,5,4,23,NA
BT04240103Q,GMS,2024-01-03,1004,27.12.–02.01.,33,14,13,6,3,23,NA
BT05240103Q,INSA,2024-01-03,2002,29.12.–02.01.,32,15,13,5,4,22.5,NA
BT01240104A,Infratest dimap,2024-01-04,1321,02.01.–03.01.,31,14,13,5,4,22,NA
BT05240106R,INSA,2024-01-06,1204,02.01.–05.01.,31,16,12,5,4,23,NA
BT02240109H,Forsa,2024-01-09,2502,02.01.–08.01.,30,15,14,4,4,22,NA
BT05240109S,INSA,2024-01-09,2008,05.01.–08.01.,32,16,12,5,4,23,NA
BT13240111M,YouGov,2024-01-11,1614,03.01.–08.01.,29,15,12,6,5,24,NA
BT06240112G,Forschungsgruppe Wahlen,2024-01-12,1337,09.01.–11.01.,31,13,14,4,4,22,4
BT05240113T,INSA,2024-01-13,1202,08.01.–12.01.,30,15,12,5,4,22,NA
BT05240115U,INSA,2024-01-15,2004,12.01.–15.01.,31,14,12,5,4,23,NA
BT02240116I,Forsa,2024-01-16,2504,09.01.–15.01.,31,13,14,4,4,22,NA
BT03240120O,Verian,2024-01-20,1359,09.01.–11.01.,31,14,16,4,4,22,NA
BT05240120V,INSA,2024-01-20,1203,15.01.–19.01.,30,13,13,5,3,22,7
BT05240122W,INSA,2024-01-22,2006,19.01.–22.01.,30.5,13.5,12.5,5,3,21.5,NA
BT02240123K,Forsa,2024-01-23,2503,16.01.–22.01.,31,14,14,4,4,20,3
BT09240125C,Allensbach,2024-01-25,1018,05.01.–18.01.,34,15,13.5,6,4,19.5,NA
BT03240127P,Verian,2024-01-27,1922,16.01.–23.01.,29,16,16,4,4,19,3
BT05240127X,INSA,2024-01-27,1201,22.01.–26.01.,31,14,13,4,4,21,7
BT05240129Y,INSA,2024-01-29,2002,26.01.–29.01.,30,14.5,12.5,5,3.5,21,7
BT02240130L,Forsa,2024-01-30,2506,23.01.–29.01.,32,15,14,3,3,19,3
BT01240201B,Infratest dimap,2024-02-01,1303,29.01.–31.01.,30,16,14,4,3,19,5
BT06240202H,Forschungsgruppe Wahlen,2024-02-02,1217,30.01.–01.02.,31,15,13,4,3,19,6
BT05240203A,INSA,2024-02-03,1202,29.01.–02.02.,30,15,13,4,4,20,7
BT05240205B,INSA,2024-02-05,2004,02.02.–05.02.,30,15,12.5,4.5,3.5,20.5,7.5
BT02240206M,Forsa,2024-02-06,2503,30.01.–04.02.,31,15,14,4,3,18,5
BT04240206R,GMS,2024-02-06,1012,31.01.–05.02.,32,16,13,4,2,18,5
BT13240208N,YouGov,2024-02-08,2018,02.02.–06.02.,31,14,12,4,3,20,7
BT05240210C,INSA,2024-02-10,1276,05.02.–08.02.,30,15,13,4,3,20,7
BT05240212D,INSA,2024-02-12,2083,09.02.–12.02.,30,15,12.5,3.5,3.5,20.5,7.5
BT02240213N,Forsa,2024-02-13,2502,06.02.–12.02.,31,15,14,4,3,18,5
BT05240217E,INSA,2024-02-17,1203,12.02.–16.02.,31,14,13,4,3,19,8
BT05240219F,INSA,2024-02-19,2007,16.02.–19.02.,30.5,14.5,12.5,4.5,3.5,19.5,7.5
BT02240220O,Forsa,2024-02-20,2504,13.02.–19.02.,30,15,14,5,3,17,4
BT09240222D,Allensbach,2024-02-22,1053,03.02.–15.02.,32,15,14,6,3,18,7
BT06240223I,Forschungsgruppe Wahlen,2024-02-23,1294,20.02.–22.02.,30,15,14,4,4,19,5
BT03240224Q,Verian,2024-02-24,1505,14.02.–20.02.,29,16,15,4,3,19,5
BT05240224G,INSA,2024-02-24,1203,19.02.–23.02.,30,15,13,5,3,19,8
BT02240227P,Forsa,2024-02-27,2503,20.02.–26.02.,30,14,15,5,3,17,4
BT05240227H,INSA,2024-02-27,2006,23.02.–26.02.,30.5,15.5,13,4.5,3,19,7.5
BT03240302R,Verian,2024-03-02,1392,21.02.–27.02.,30,16,15,5,3,18,4
BT05240302I,INSA,2024-03-02,1200,26.02.–01.03.,30,15,13,5,3,19,7
BT05240304J,INSA,2024-03-04,2004,01.03.–04.03.,30.5,14.5,13,5.5,3,19.5,6.5
BT02240305Q,Forsa,2024-03-05,2506,27.02.–04.03.,31,15,14,5,3,17,4
BT01240307C,Infratest dimap,2024-03-07,1288,04.03.–06.03.,29,16,14,5,3,19,6
BT13240307O,YouGov,2024-03-07,1762,01.03.–05.03.,29,15,14,4,4,19,7
BT06240308J,Forschungsgruppe Wahlen,2024-03-08,1260,05.03.–07.03.,30,15,15,4,3,18,5
BT05240309K,INSA,2024-03-09,1249,04.03.–08.03.,31,15,12,5,3,19,7
BT05240311L,INSA,2024-03-11,2079,08.03.–11.03.,31,14.5,12.5,5.5,3.5,18.5,6.5
BT02240312R,Forsa,2024-03-12,2502,05.03.–11.03.,30,15,14,5,3,17,5
BT05240316M,INSA,2024-03-16,1199,11.03.–15.03.,30,15,12,5,3,19,6
BT05240318N,INSA,2024-03-18,2002,15.03.–18.03.,29.5,16,12,5,3.5,19.5,6.5
BT02240319S,Forsa,2024-03-19,2500,12.03.–18.03.,31,16,13,4,3,17,5
BT09240321E,Allensbach,2024-03-21,1027,01.03.–14.03.,34,15,14,5,3,16,7
BT03240322S,Verian,2024-03-22,1480,13.03.–19.03.,29,17,15,5,3,18,5
BT06240322K,Forschungsgruppe Wahlen,2024-03-22,1296,19.03.–21.03.,31,16,13,4,3,18,6
BT05240324O,INSA,2024-03-24,1204,18.03.–22.03.,30,16,13,5,3,19,6
BT05240325P,INSA,2024-03-25,2008,22.03.–25.03.,30,15.5,12.5,5,3.5,19.5,6.5
BT02240326T,Forsa,2024-03-26,2503,19.03.–25.03.,31,16,13,4,3,17,5
BT05240330Q,INSA,2024-03-30,1210,25.03.–28.03.,30,15,13,5,3,20,6
BT02240402U,Forsa,2024-04-02,1508,26.03.–28.03.,31,16,13,4,NA,17,5
BT05240402R,INSA,2024-04-02,2004,28.03.–02.04.,30,15,12.5,5,3.5,19.5,6.5
BT01240404D,Infratest dimap,2024-04-04,1304,02.04.–03.04.,30,15,15,4,3,18,5
BT05240406S,INSA,2024-04-06,1243,02.04.–05.04.,31,15,13,5,3,19,6
BT02240409V,Forsa,2024-04-09,2506,02.04.–08.04.,30,16,13,5,NA,17,5
BT05240409T,INSA,2024-04-09,2084,05.04.–08.04.,30.5,15,13,5,3.5,18.5,6.5
BT13240411P,YouGov,2024-04-11,1588,05.04.–10.04.,29,14,15,5,4,19,7
BT06240412L,Forschungsgruppe Wahlen,2024-04-12,1254,09.04.–11.04.,31,16,12,4,3,18,6
BT05240413U,INSA,2024-04-13,1203,08.04.–12.04.,30,16,13,5,3,18,6
BT05240415V,INSA,2024-04-15,2006,12.04.–15.04.,29.5,16,13,6,3,18.5,6.5
BT02240416W,Forsa,2024-04-16,2505,09.04.–15.04.,31,16,12,5,NA,17,5
BT03240419T,Verian,2024-04-19,1445,10.04.–16.04.,30,16,14,5,3,18,5
BT05240420W,INSA,2024-04-20,1204,15.04.–19.04.,30,15,13,5,4,18,7
BT05240422X,INSA,2024-04-22,2008,19.04.–22.04.,30.5,15,12.5,5,4,18.5,7
BT02240423X,Forsa,2024-04-23,2501,16.04.–22.04.,31,16,12,5,NA,16,5
BT09240426F,Allensbach,2024-04-26,1041,05.04.–18.04.,32.5,16,15,6,3,16,7
BT06240426M,Forschungsgruppe Wahlen,2024-04-26,1228,23.04.–25.04.,30,15,15,4,4,17,5
BT05240427Y,INSA,2024-04-27,1203,22.04.–26.04.,29,16,13,5,4,18,7
BT02240430Y,Forsa,2024-04-30,2505,23.04.–29.04.,30,17,12,5,3,16,4
BT05240430A,INSA,2024-04-30,2004,26.04.–29.04.,29.5,16.5,12.5,5,3.5,18.5,7
BT01240502E,Infratest dimap,2024-05-02,1280,29.04.–30.04.,31,15,15,5,NA,18,5
BT05240504B,INSA,2024-05-04,1203,29.04.–03.05.,30,15,12,5,4,18,7
BT05240506C,INSA,2024-05-06,2006,03.05.–06.05.,30.5,15.5,12,5,3.5,18,7.5
BT02240507A,Forsa,2024-05-07,2000,30.04.–06.05.,31,16,12,6,3,15,4
BT04240507S,GMS,2024-05-07,1005,30.04.–06.05.,31,15,14,4,2,18,6
BT13240510Q,YouGov,2024-05-10,1749,03.05.–08.05.,30,16,14,4,4,19,7
BT05240511D,INSA,2024-05-11,1247,06.05.–10.05.,30,15,13,5,4,17,7
BT02240514B,Forsa,2024-05-14,2006,07.05.–13.05.,32,16,13,5,3,15,5
BT05240514E,INSA,2024-05-14,2087,10.05.–13.05.,30.5,15.5,13,5,3.5,17,7
BT03240517U,Verian,2024-05-17,1506,07.05.–14.05.,30,16,14,5,4,16,5
BT06240517N,Forschungsgruppe Wahlen,2024-05-17,1247,14.05.–16.05.,31,15,13,5,4,16,5
BT05240518F,INSA,2024-05-18,1206,13.05.–17.05.,30,16,12,5,3,17,7
BT02240521C,Forsa,2024-05-21,2001,14.05.–17.05.,32,16,14,5,NA,15,5
BT05240521G,INSA,2024-05-21,2010,17.05.–21.05.,30,16,12.5,5,3,17,7
BT09240524G,Allensbach,2024-05-24,1093,04.05.–16.05.,32.5,17.5,13,6,3,14,8
BT05240525H,INSA,2024-05-25,1202,21.05.–24.05.,30,15,13,5,3,17,7
BT02240528D,Forsa,2024-05-28,2503,21.05.–27.05.,30,16,13,6,NA,15,6
BT05240528I,INSA,2024-05-28,2004,24.05.–27.05.,30.5,15,12,5,3,17,7
BT01240530F,Infratest dimap,2024-05-30,1479,27.05.–29.05.,31,15,14,4,3,18,5
BT05240601J,INSA,2024-06-01,1205,27.05.–31.05.,31,16,12,5,3,16,7
BT02240604E,Forsa,2024-06-04,2506,28.05.–03.06.,30,17,13,6,NA,15,6
BT05240604K,INSA,2024-06-04,2002,31.05.–03.06.,30.5,16,12,5,3.5,15.5,7.5
BT13240607R,YouGov,2024-06-07,1894,31.05.–05.06.,29,14,12,4,4,18,9
BT05240608L,INSA,2024-06-08,1203,03.06.–07.06.,30,16,12,5,3,16,8
BT02240611F,Forsa,2024-06-11,2505,04.06.–10.06.,30,16,13,6,NA,16,6
BT05240611M,INSA,2024-06-11,2008,07.06.–10.06.,30,15.5,12,5,3,16,7.5
BT03240612V,Verian,2024-06-12,1425,05.06.–11.06.,30,16,13,5,3,17,6
BT06240613P,Forschungsgruppe Wahlen,2024-06-13,1334,10.06.–12.06.,30,14,14,5,NA,16,7
BT05240615N,INSA,2024-06-15,1205,10.06.–14.06.,31,16,11,5,3,17,7
BT05240617O,INSA,2024-06-17,2010,14.06.–17.06.,31,15,11,5,3,17,8
BT02240618G,Forsa,2024-06-18,2504,11.06.–17.06.,30,15,12,5,NA,16,7
BT04240618T,GMS,2024-06-18,1007,11.06.–17.06.,31,14,14,5,3,18,6
BT09240620H,Allensbach,2024-06-20,1084,01.06.–13.06.,32,16,13,6,3,15,7
BT05240623P,INSA,2024-06-23,1204,17.06.–21.06.,30,15,12,5,3,17,8
BT02240625H,Forsa,2024-06-25,2505,18.06.–24.06.,31,15,11,5,NA,16,7
BT05240625Q,INSA,2024-06-25,2008,21.06.–24.06.,30.5,14.5,11.5,5,3,17.5,8.5
BT06240628Q,Forschungsgruppe Wahlen,2024-06-28,1186,25.06.–27.06.,31,14,13,4,3,17,7
BT05240629R,INSA,2024-06-29,1203,24.06.–28.06.,30,15,12,6,2,17,9
BT05240701S,INSA,2024-07-01,2006,28.06.–01.07.,29.5,15,12,5.5,2.5,17.5,8.5
BT02240702I,Forsa,2024-07-02,2506,25.06.–01.07.,31,15,11,6,NA,16,7
BT01240704G,Infratest dimap,2024-07-04,1294,01.07.–03.07.,31,14,13,5,3,17,8
BT05240705T,INSA,2024-07-05,1204,01.07.–05.07.,30,15,11,5,2,18,9
BT13240705S,YouGov,2024-07-05,1711,28.06.–03.07.,30,14,12,6,3,19,9
BT05240708U,INSA,2024-07-08,2007,05.07.–08.07.,30.5,15,11,5.5,3,17.5,8.5
BT02240709J,Forsa,2024-07-09,2504,02.07.–08.07.,30,14,11,5,NA,17,8
BT03240712W,Verian,2024-07-12,1486,03.07.–09.07.,31,15,13,5,3,16,7
BT06240712R,Forschungsgruppe Wahlen,2024-07-12,1341,09.07.–11.07.,32,14,13,4,3,17,7
BT05240713V,INSA,2024-07-13,1449,08.07.–12.07.,30,15,12,5,2,18,9
BT02240716K,Forsa,2024-07-16,2503,09.07.–15.07.,32,14,11,5,3,16,7
BT05240716W,INSA,2024-07-16,2500,12.07.–15.07.,31,15,11.5,5,3,18,8.5
BT05240720X,INSA,2024-07-20,1207,15.07.–19.07.,30,15,11,5,3,17,9
BT05240722Y,INSA,2024-07-22,2010,19.07.–22.07.,31,15,10.5,5,3.5,17,9
BT02240723L,Forsa,2024-07-23,2504,16.07.–22.07.,31,14,11,5,4,17,7
BT09240725B,Allensbach,2024-07-25,1003,05.07.–19.07.,32,16.5,11.5,6,NA,17,8
BT05240727A,INSA,2024-07-27,1203,22.07.–26.07.,30,15,11,5,3,18,10
BT05240729B,INSA,2024-07-29,2006,26.07.–29.07.,30,15,10,5,3.5,18,9.5
BT02240730M,Forsa,2024-07-30,2501,23.07.–29.07.,30,15,11,4,3,17,7
BT05240803C,INSA,2024-08-03,1199,29.07.–02.08.,31,15,10,5,3,18,9
BT02240806N,Forsa,2024-08-06,2500,30.07.–05.08.,30,15,11,5,3,17,7
BT05240806D,INSA,2024-08-06,2002,02.08.–05.08.,30.5,15,10.5,5,3,17,9.5
BT01240808H,Infratest dimap,2024-08-08,1311,05.08.–07.08.,32,15,12,5,NA,16,9
BT03240809X,Verian,2024-08-09,1449,31.07.–06.08.,31,16,13,5,3,16,7
BT05240810E,INSA,2024-08-10,1203,05.08.–09.08.,31,16,10,5,3,18,9
BT02240813O,Forsa,2024-08-13,2502,06.08.–12.08.,30,15,11,5,3,17,7
BT04240813U,GMS,2024-08-13,1006,06.08.–12.08.,32,14,12,5,3,17,8
BT05240813F,INSA,2024-08-13,2008,09.08.–12.08.,30.5,15,10.5,5,3,18,9.5
BT06240815S,Forschungsgruppe Wahlen,2024-08-15,1334,12.08.–14.08.,32,14,13,4,3,16,8
BT13240816T,YouGov,2024-08-16,1998,09.08.–13.08.,31,15,12,5,3,19,8
BT05240817G,INSA,2024-08-17,1203,12.08.–16.08.,30,16,11,5,3,19,9
BT02240820P,Forsa,2024-08-20,2503,13.08.–19.08.,31,15,11,5,3,17,7
BT05240820H,INSA,2024-08-20,2006,16.08.–19.08.,30.5,15.5,10.5,5,3,19,9.5
BT09240822C,Allensbach,2024-08-22,1051,03.08.–15.08.,34,16,11.5,5,3,16,7
BT05240824I,INSA,2024-08-24,1202,19.08.–23.08.,31,16,11,5,3,18,9
BT05240826J,INSA,2024-08-26,2004,23.08.–26.08.,31.5,15,11.5,5.5,3,18.5,9
BT02240827Q,Forsa,2024-08-27,2501,20.08.–26.08.,31,15,11,5,3,17,7
BT05240831K,INSA,2024-08-31,1202,26.08.–30.08.,31,16,11,4,3,19,9
BT05240902L,INSA,2024-09-02,2002,30.08.–02.09.,31.5,15,10.5,4.5,2.5,19,9.5
BT02240903R,Forsa,2024-09-03,2508,27.08.–02.09.,32,14,11,5,3,17,7
BT01240905I,Infratest dimap,2024-09-05,1309,03.09.–04.09.,33,15,11,4,3,17,8
BT03240906Y,Verian,2024-09-06,1427,28.08.–03.09.,31,15,12,4,3,17,8
BT06240906T,Forschungsgruppe Wahlen,2024-09-06,1328,03.09.–05.09.,33,15,11,4,4,17,7
BT05240907M,INSA,2024-09-07,1202,02.09.–06.09.,31,15,10,4,3,19,10
BT02240910S,Forsa,2024-09-10,2500,03.09.–09.09.,33,14,11,3,3,17,7
BT05240910N,INSA,2024-09-10,2010,06.09.–09.09.,32.5,14,10,4,2.5,19.5,10
BT13240913U,YouGov,2024-09-13,1752,06.09.–10.09.,32,14,13,4,4,18,8
BT05240914O,INSA,2024-09-14,1206,09.09.–13.09.,33,14,10,4,3,19,10
BT05240916P,INSA,2024-09-16,2008,13.09.–16.09.,33,14,10,4.5,2.5,19.5,10
BT02240917T,Forsa,2024-09-17,2501,10.09.–16.09.,31,15,11,4,3,17,6
BT04240917V,GMS,2024-09-17,1006,11.09.–16.09.,34,14,11,4,2,18,7
BT09240919D,Allensbach,2024-09-19,1017,29.08.–11.09.,35.5,16,10,4,NA,17,9
BT05240921Q,INSA,2024-09-21,1202,16.09.–19.09.,32,15,10,4,2,20,10
BT05240923R,INSA,2024-09-23,2002,20.09.–23.09.,32,15.5,9.5,3.5,2.5,20,10
BT02240924U,Forsa,2024-09-24,2500,17.09.–23.09.,32,15,11,4,NA,17,7
BT06240927U,Forschungsgruppe Wahlen,2024-09-27,1348,24.09.–26.09.,31,16,12,4,4,17,8
BT05240928S,INSA,2024-09-28,1203,23.09.–27.09.,32,15,11,4,3,19,10
BT05240930T,INSA,2024-09-30,2002,27.09.–30.09.,31.5,15,11,4,2.5,19,9.5
BT02241001V,Forsa,2024-10-01,2501,24.09.–30.09.,31,17,10,4,3,17,6
BT03241004A,Verian,2024-10-04,1452,25.09.–01.10.,31,16,11,4,3,17,7
BT05241005U,INSA,2024-10-05,1237,30.09.–04.10.,31,16,11,4,3,20,8
BT05241007V,INSA,2024-10-07,2010,04.10.–07.10.,31.5,16,10.5,4,2.5,20,8
BT02241008W,Forsa,2024-10-08,2001,01.10.–07.10.,31,17,11,3,3,17,6
BT01241010J,Infratest dimap,2024-10-10,1321,07.10.–09.10.,31,16,13,3,3,17,8
BT13241010V,YouGov,2024-10-10,1773,04.10.–08.10.,32,16,11,5,3,18,8
BT05241012W,INSA,2024-10-12,1202,07.10.–11.10.,31,16,11,4,3,19,9
BT05241014X,INSA,2024-10-14,2002,11.10.–14.10.,31.5,16,10,4,3.5,18.5,9
BT02241015X,Forsa,2024-10-15,2501,08.10.–14.10.,31,16,10,4,3,17,7
BT09241018E,Allensbach,2024-10-18,1041,28.09.–11.10.,36,15,10.5,4.5,NA,16,9
BT06241018V,Forschungsgruppe Wahlen,2024-10-18,1249,15.10.–17.10.,31,16,11,3,4,18,8
BT05241019Y,INSA,2024-10-19,1201,14.10.–18.10.,31,16,10,4,3,19,9
BT05241021A,INSA,2024-10-21,2006,18.10.–21.10.,30.5,16.5,10,4,2.5,19,9
BT02241022Y,Forsa,2024-10-22,2500,15.10.–21.10.,31,16,11,3,3,17,7
BT05241026B,INSA,2024-10-26,1204,21.10.–25.10.,30,15,11,4,3,19,9
BT05241028C,INSA,2024-10-28,2008,25.10.–28.10.,31,15,11,4,2.5,19,9
BT02241029A,Forsa,2024-10-29,2503,22.10.–28.10.,32,16,9,4,3,17,7
BT01241031K,Infratest dimap,2024-10-31,1333,28.10.–30.10.,34,16,11,4,NA,17,6
BT03241101B,Verian,2024-11-01,1443,23.10.–29.10.,32,16,11,3,3,17,8
BT05241102D,INSA,2024-11-02,1202,28.10.–01.11.,32,16,10,4,4,18,8
BT02241105B,Forsa,2024-11-05,2500,29.10.–04.11.,33,16,10,3,3,16,6
BT05241105E,INSA,2024-11-05,2005,01.11.–04.11.,32,15.5,10.5,4.5,3.5,18,8
BT02241107C,Forsa,2024-11-07,1181,07.11.–07.11.,32,17,11,3,3,17,6
BT01241107L,Infratest dimap,2024-11-07,1065,07.11.–07.11.,34,16,12,5,NA,18,6
BT06241108W,Forschungsgruppe Wahlen,2024-11-08,1231,05.11.–07.11.,33,16,12,3,4,18,6
BT05241109F,INSA,2024-11-09,1065,07.11.–08.11.,32,15,10,4,4,19,7
BT05241111G,INSA,2024-11-11,3009,08.11.–11.11.,32.5,15.5,11.5,5,3.5,19.5,7
BT02241112D,Forsa,2024-11-12,2501,05.11.–11.11.,33,16,11,4,3,17,5
BT13241114W,YouGov,2024-11-14,1805,08.11.–12.11.,33,15,12,5,3,19,7
BT05241116H,INSA,2024-11-16,1204,11.11.–15.11.,32,16,10,4,4,19,8
BT05241118I,INSA,2024-11-18,2008,15.11.–18.11.,32,16,11,4.5,3.5,19,7.5
BT02241119E,Forsa,2024-11-19,2500,12.11.–18.11.,33,15,11,4,4,18,4
BT01241121M,Infratest dimap,2024-11-21,1318,18.11.–20.11.,33,14,14,4,3,19,6
BT09241122F,Allensbach,2024-11-22,1049,02.11.–14.11.,37,15,10,4,NA,17,7.5
BT06241122X,Forschungsgruppe Wahlen,2024-11-22,1399,19.11.–21.11.,32,16,12,3,4,18,5
BT05241123J,INSA,2024-11-23,1203,18.11.–21.11.,32,14,11,5,4,19,7
BT05241125K,INSA,2024-11-25,2003,22.11.–25.11.,32.5,15,11,4.5,3.5,19.5,7.5
BT02241126F,Forsa,2024-11-26,2500,19.11.–25.11.,32,15,12,4,4,18,4
BT03241129C,Verian,2024-11-29,1432,20.11.–26.11.,32,15,13,4,3,18,6
BT05241130L,INSA,2024-11-30,1201,25.11.–29.11.,32,15,13,5,3,18,8
BT05241202M,INSA,2024-12-02,2003,29.11.–02.12.,31.5,16,13,4.5,3.5,18.5,7.5
BT02241203G,Forsa,2024-12-03,2502,26.11.–02.12.,32,16,12,3,4,18,4
BT04241203W,GMS,2024-12-03,1005,27.11.–02.12.,34,15,13,4,3,17,6
BT01241205N,Infratest dimap,2024-12-05,1307,02.12.–04.12.,32,16,14,4,3,18,5
BT13241205X,YouGov,2024-12-05,1879,29.11.–03.12.,30,18,13,4,3,19,7
BT06241206B,Forschungsgruppe Wahlen,2024-12-06,1433,03.12.–05.12.,33,15,14,4,3,17,5
BT05241207N,INSA,2024-12-07,1202,02.12.–06.12.,32,16,12,4,4,19,8
BT05241209O,INSA,2024-12-09,2004,06.12.–09.12.,31.5,17,11.5,4.5,3,19.5,8
BT02241210H,Forsa,2024-12-10,2501,03.12.–09.12.,31,17,13,4,3,18,4
BT05241214P,INSA,2024-12-14,1203,09.12.–13.12.,31,17,11,5,3,20,8
BT05241216Q,INSA,2024-12-16,2002,13.12.–16.12.,31.5,16.5,11.5,5,2.5,19.5,8
BT02241217I,Forsa,2024-12-17,2501,10.12.–16.12.,30,17,13,4,3,19,4
BT01241219O,Infratest dimap,2024-12-19,1336,16.12.–18.12.,33,14,14,3,3,19,5
BT09241220G,Allensbach,2024-12-20,1006,30.11.–12.12.,36,16,12,4,NA,18,6
BT03241220D,Verian,2024-12-20,1452,11.12.–17.12.,31,17,14,4,3,18,5
BT06241220C,Forschungsgruppe Wahlen,2024-12-20,1362,17.12.–19.12.,31,15,14,3,4,19,5
BT05241221R,INSA,2024-12-21,1205,16.12.–19.12.,32,16,12,5,3,20,8
BT02241223J,Forsa,2024-12-23,2008,17.12.–20.12.,31,16,13,3,4,19,4
BT05241223S,INSA,2024-12-23,2010,20.12.–23.12.,31,16,12.5,5,3,19.5,8
BT05241228T,INSA,2024-12-28,1002,23.12.–27.12.,31,17,12,4,3,20,7
BT05241230U,INSA,2024-12-30,2004,27.12.–30.12.,31,16.5,12,3.5,4,20.5,7
BT04250103X,GMS,2025-01-03,1010,27.12.–02.01.,33,16,13,4,3,18,4
BT05250104V,INSA,2025-01-04,1201,30.12.–03.01.,31,16,13,4,3,20,7
BT05250106W,INSA,2025-01-06,2001,03.01.–06.01.,31,15.5,13.5,4,3,21.5,6.5
BT02250107K,Forsa,2025-01-07,1501,02.01.–06.01.,32,17,12,3,3,19,4
BT13250108Y,YouGov,2025-01-08,1908,03.01.–06.01.,29,16,14,5,3,21,6
BT01250109P,Infratest dimap,2025-01-09,1323,06.01.–08.01.,31,15,14,4,4,20,5
BT06250110D,Forschungsgruppe Wahlen,2025-01-10,1433,07.01.–09.01.,30,14,15,4,4,21,4
BT05250111X,INSA,2025-01-11,1205,06.01.–10.01.,30,16,13,4,3,22,6
BT05250113Y,INSA,2025-01-13,2005,10.01.–13.01.,31,15,13,4,3.5,22,6.5
BT02250114L,Forsa,2025-01-14,2504,07.01.–13.01.,31,16,13,4,3,20,4
BT13250115A,YouGov,2025-01-15,1771,10.01.–14.01.,30,18,14,4,4,21,6
BT05250118A,INSA,2025-01-18,1206,13.01.–17.01.,29,16,13,5,4,21,7
BT05250120B,INSA,2025-01-20,2008,17.01.–20.01.,29,16,13,5,4,21.5,7
BT02250121M,Forsa,2025-01-21,2502,14.01.–20.01.,31,16,13,4,3,19,4
BT13250122B,YouGov,2025-01-22,1858,17.01.–20.01.,28,19,15,4,4,19,6
BT09250123H,Allensbach,2025-01-23,1015,07.01.–19.01.,34,17,13.5,4,NA,20,5
BT06250124E,Forschungsgruppe Wahlen,2025-01-24,1345,21.01.–23.01.,30,15,14,4,5,21,3
BT05250125C,INSA,2025-01-25,1203,20.01.–24.01.,30,16,12,4,4,21,7
BT05250127D,INSA,2025-01-27,2006,24.01.–27.01.,30,15.5,12.5,4.5,4.5,22,6
BT02250128N,Forsa,2025-01-28,2504,21.01.–27.01.,30,16,14,4,4,20,3
BT13250129C,YouGov,2025-01-29,1781,24.01.–27.01.,29,15,13,3,5,23,6
BT06250130F,Forschungsgruppe Wahlen,2025-01-30,1428,27.01.–29.01.,29,15,14,4,5,21,4
BT01250130Q,Infratest dimap,2025-01-30,1336,27.01.–29.01.,30,15,15,4,5,20,4
BT05250130E,INSA,2025-01-30,1001,30.01.–30.01.,29,17,13,4,4,22,6
BT03250131E,Verian,2025-01-31,1461,22.01.–28.01.,30,15,14,4,4,20,5
BT05250201F,INSA,2025-02-01,1203,30.01.–31.01.,30,17,12,4,4,22,6
BT05250203G,INSA,2025-02-03,2004,31.01.–03.02.,30,16,13,4.5,5,22,5.5
BT02250204O,Forsa,2025-02-04,2503,28.01.–03.02.,28,16,15,4,5,20,4
BT13250205D,YouGov,2025-02-05,2181,31.01.–04.02.,29,18,12,4,6,22,6
BT01250206R,Infratest dimap,2025-02-06,1302,03.02.–05.02.,31,15,14,4,5,21,4
BT06250207G,Forschungsgruppe Wahlen,2025-02-07,1341,04.02.–06.02.,30,15,15,4,6,20,4
BT04250207Y,GMS,2025-02-07,1011,04.02.–07.02.,30,15,14,4,5,21,4
BT05250208H,INSA,2025-02-08,1204,03.02.–07.02.,29,16,12,4,5,21,6
BT05250210I,INSA,2025-02-10,2006,07.02.–10.02.,30,15.5,13,4,6,22,5.5
BT02250211P,Forsa,2025-02-11,2502,04.02.–10.02.,29,16,14,4,6,20,4
BT13250212E,YouGov,2025-02-12,2083,07.02.–10.02.,29,16,12,4,6,21,5
BT09250213I,Allensbach,2025-02-13,1021,31.01.–12.02.,32,15,13,5,6,20,4
BT01250213S,Infratest dimap,2025-02-13,1579,10.02.–12.02.,32,14,14,4,6,21,4.5
BT06250214H,Forschungsgruppe Wahlen,2025-02-14,1348,11.02.–13.02.,30,16,14,4,7,20,4
BT05250215J,INSA,2025-02-15,1205,10.02.–14.02.,30,15,13,4,6,21,5
BT02250216Q,Forsa,2025-02-16,2005,11.02.–14.02.,30,16,13,5,7,20,4
BT05250217K,INSA,2025-02-17,2010,14.02.–17.02.,30,15,13,4.5,6.5,22,5
BT13250217F,YouGov,2025-02-17,2131,14.02.–17.02.,27,17,12,4,9,20,5
BT02250218R,Forsa,2025-02-18,2501,11.02.–17.02.,30,16,13,5,7,20,4
BT04250219A,GMS,2025-02-19,1016,16.02.–19.02.,31,15,13,4,6,20,4
BT06250220I,Forschungsgruppe Wahlen,2025-02-20,1349,19.02.–20.02.,28,16,14,4.5,8,21,4.5
BT05250220L,INSA,2025-02-20,2503,18.02.–19.02.,30,15,13,4,7,21,5
BT09250221J,Allensbach,2025-02-21,1064,09.02.–20.02.,32,14.5,12,4.5,7.5,20,4.5
BT02250221S,Forsa,2025-02-21,2002,17.02.–20.02.,29,15,13,5,8,21,3
BT13250221G,YouGov,2025-02-21,1681,17.02.–20.02.,29,16,13,4,8,20,5
BT05250222M,INSA,2025-02-22,2005,21.02.–22.02.,29.5,15,12.5,4.5,7.5,21,5
BT05250302N,INSA,2025-03-02,1001,24.02.–28.02.,30,15,11,4,9,22,5
BT02250304T,Forsa,2025-03-04,3001,24.02.–03.03.,28,15,11,3,12,22,3
BT05250304O,INSA,2025-03-04,2002,28.02.–03.03.,29.5,15.5,11,3.5,9.5,22,5
BT01250306T,Infratest dimap,2025-03-06,1325,04.03.–05.03.,29,16,12,3,9,21,5
BT06250307J,Forschungsgruppe Wahlen,2025-03-07,1249,04.03.–06.03.,28,15,13,4,10,21,3
BT05250309P,INSA,2025-03-09,1201,03.03.–07.03.,28,16,11,4,10,21,5
BT05250310Q,INSA,2025-03-10,2003,07.03.–10.03.,28.5,16.5,10.5,3.5,10.5,22,4.5
BT02250311U,Forsa,2025-03-11,2504,04.03.–10.03.,28,15,11,4,11,22,3
BT05250315R,INSA,2025-03-15,1201,10.03.–14.03.,28,16,11,3,10,22,5
BT05250317S,INSA,2025-03-17,2008,14.03.–17.03.,29,15.5,11,3,10.5,22,5
BT02250318V,Forsa,2025-03-18,2501,11.03.–17.03.,27,14,12,4,11,23,3
BT06250321K,Forschungsgruppe Wahlen,2025-03-21,1305,18.03.–20.03.,27,16,12,4,10,22,3
BT05250321T,INSA,2025-03-21,1202,17.03.–21.03.,27,15,12,3,10,23,5
BT05250324U,INSA,2025-03-24,2004,21.03.–24.03.,27,14.5,12,3.5,10.5,23.5,4.5
BT02250325W,Forsa,2025-03-25,2502,18.03.–24.03.,26,15,12,4,10,23,4
BT13250326H,YouGov,2025-03-26,1890,21.03.–24.03.,26,15,12,3,10,24,5
BT09250327K,Allensbach,2025-03-27,1031,27.02.–11.03.,29.5,16,11.5,3,10,21,4
BT03250328F,Verian,2025-03-28,1381,19.03.–25.03.,27,15,13,3,10,22,4
BT05250329V,INSA,2025-03-29,1204,24.03.–28.03.,26,16,12,3,10,23,5
BT05250331W,INSA,2025-03-31,2006,28.03.–31.03.,26.5,15.5,12,3.5,10.5,23.5,4.5
BT02250401X,Forsa,2025-04-01,2508,25.03.–31.03.,25,15,12,4,10,24,4
BT01250403U,Infratest dimap,2025-04-03,1334,31.03.–02.04.,26,16,11,4,10,24,4
BT05250405X,INSA,2025-04-05,1206,31.03.–04.04.,24,16,11,4,11,24,4
BT04250407B,GMS,2025-04-07,1022,02.04.–07.04.,26,15,11,4,10,25,4
BT05250407Y,INSA,2025-04-07,2008,04.04.–07.04.,24.5,16,10.5,4,10.5,24.5,4.5
BT02250408Y,Forsa,2025-04-08,2501,01.04.–07.04.,25,15,12,3,10,24,4
BT06250411L,Forschungsgruppe Wahlen,2025-04-11,1322,08.04.–10.04.,26,15,12,4,10,24,3
BT05250412A,INSA,2025-04-12,1202,07.04.–11.04.,25,16,11,3,10,24,5
BT05250414B,INSA,2025-04-14,2002,11.04.–14.04.,25.5,16,11,3.5,10,24.5,4.5
BT02250415A,Forsa,2025-04-15,2502,08.04.–14.04.,25,15,12,3,10,24,4
BT09250419L,Allensbach,2025-04-19,1048,28.03.–09.04.,27,16,12,3,10,23.5,4
BT05250419C,INSA,2025-04-19,1205,14.04.–17.04.,25,16,11,4,10,24,5
BT02250422B,Forsa,2025-04-22,1502,15.04.–17.04.,25,15,11,4,9,26,4
BT05250422D,INSA,2025-04-22,2010,17.04.–22.04.,25,15,11,3.5,10,25,5
BT03250425G,Verian,2025-04-25,1469,15.04.–22.04.,26,16,12,3,9,24,4
BT05250425E,INSA,2025-04-25,1204,22.04.–25.04.,25,15,12,3,10,25,4
BT05250428F,INSA,2025-04-28,2006,25.04.–28.04.,25,15.5,11,3,10,25,4
BT02250429C,Forsa,2025-04-29,2004,22.04.–28.04.,24,14,12,3,10,26,4
BT13250430J,YouGov,2025-04-30,1987,25.04.–28.04.,26,14,12,4,10,26,5
BT06250502M,Forschungsgruppe Wahlen,2025-05-02,1297,28.04.–30.04.,27,15,11,4,10,23,3
BT05250503G,INSA,2025-05-03,1204,28.04.–02.05.,25,16,12,4,10,24,4
BT02250505D,Forsa,2025-05-05,1503,29.04.–02.05.,25,15,12,3,10,25,3
BT05250505H,INSA,2025-05-05,2003,02.05.–05.05.,24.5,16,11,4,10,24.5,4
BT01250507V,Infratest dimap,2025-05-07,1325,05.05.–06.05.,27,16,11,4,10,23,4
BT05250510I,INSA,2025-05-10,1203,05.05.–09.05.,25,16,11,4,10,24,4
BT05250512J,INSA,2025-05-12,2004,09.05.–12.05.,25,16,11,3.5,10,24.5,4
BT02250513E,Forsa,2025-05-13,3001,05.05.–12.05.,25,15,11,3,10,25,4
BT13250514K,YouGov,2025-05-14,1927,09.05.–12.05.,27,15,12,3,9,25,4
BT05250516K,INSA,2025-05-16,1205,12.05.–16.05.,26,16,11,3,10,25,4
BT04250519C,GMS,2025-05-19,1012,14.05.–19.05.,26,14,12,4,10,23,4
BT05250519L,INSA,2025-05-19,2008,16.05.–19.05.,26,15.5,11,3.5,10,24.5,4
BT02250520F,Forsa,2025-05-20,2504,13.05.–19.05.,26,15,11,4,11,24,3
BT03250521H,Verian,2025-05-21,1468,14.05.–20.05.,26,15,12,3,11,23,4
BT06250523N,Forschungsgruppe Wahlen,2025-05-23,1328,20.05.–22.05.,26,16,12,4,10,23,3
BT09250524M,Allensbach,2025-05-24,1032,03.05.–14.05.,28,17,11,3,10,22.5,4
BT05250524M,INSA,2025-05-24,1198,19.05.–23.05.,27,16,11,4,10,24,4
BT05250526N,INSA,2025-05-26,2006,23.05.–26.05.,26,16,11,3.5,10,24.5,4.5
BT02250527G,Forsa,2025-05-27,2501,20.05.–26.05.,26,15,11,4,11,24,3
BT05250531O,INSA,2025-05-31,1203,26.05.–30.05.,26,17,10,4,11,24,4
BT05250602P,INSA,2025-06-02,2002,30.05.–02.06.,26.5,16,10.5,4,10.5,24.5,4
BT02250603H,Forsa,2025-06-03,2002,27.05.–02.06.,27,15,12,3,11,23,3
BT01250604W,Infratest dimap,2025-06-04,1292,02.06.–03.06.,29,15,12,4,9,23,4
BT06250606O,Forschungsgruppe Wahlen,2025-06-06,1247,03.06.–05.06.,27,15,12,3,11,23,3
BT05250607Q,INSA,2025-06-07,1202,02.06.–06.06.,27,16,11,4,10,23,4
BT02250610I,Forsa,2025-06-10,2002,03.06.–06.06.,27,14,11,4,11,24,3
BT05250610R,INSA,2025-06-10,2004,06.06.–10.06.,27.5,16,11,4,10,22.5,4.5
BT05250614S,INSA,2025-06-14,1203,10.06.–13.06.,27,17,11,4,10,23,4
BT05250616T,INSA,2025-06-16,2006,13.06.–16.06.,27,16,11.5,4,10.5,23,4
BT02250617J,Forsa,2025-06-17,2502,10.06.–16.06.,28,14,11,4,10,23,4
BT13250618L,YouGov,2025-06-18,1912,13.06.–16.06.,28,14,12,3,8,23,5
BT03250619I,Verian,2025-06-19,1462,11.06.–17.06.,28,15,12,3,10,23,4
BT09250620N,Allensbach,2025-06-20,1054,01.06.–12.06.,29,16,11,4,9,23,4
BT05250621U,INSA,2025-06-21,1205,16.06.–20.06.,28,16,11,4,9,23,4
BT02250623K,Forsa,2025-06-23,2003,17.06.–20.06.,28,14,11,3,11,24,3
BT05250623V,INSA,2025-06-23,2002,20.06.–23.06.,27.5,16,11.5,4,10,23,4.5
BT06250627P,Forschungsgruppe Wahlen,2025-06-27,1378,24.06.–26.06.,29,15,12,3,10,22,3
BT05250627W,INSA,2025-06-27,1202,23.06.–27.06.,28,16,11,3,9,24,5
BT02250701L,Forsa,2025-07-01,2501,24.06.–30.06.,28,14,11,3,11,24,3
BT04250701D,GMS,2025-07-01,1007,25.06.–30.06.,29,15,13,4,9,22,3
BT05250701X,INSA,2025-07-01,2008,27.06.–30.06.,28,15.5,11.5,3.5,9.5,23.5,5
BT01250703X,Infratest dimap,2025-07-03,1312,30.06.–02.07.,30,13,12,3,10,23,4
BT05250705Y,INSA,2025-07-05,1205,30.06.–04.07.,28,15,11,4,11,24,4
BT05250707A,INSA,2025-07-07,2007,04.07.–07.07.,28,14.5,11,3.5,11,23.5,4.5
BT02250708M,Forsa,2025-07-08,2503,01.07.–07.07.,27,13,12,3,11,24,4
BT05250712B,INSA,2025-07-12,1202,07.07.–11.07.,28,15,11,3,11,24,4
BT05250714C,INSA,2025-07-14,2004,11.07.–14.07.,27.5,15,11,3.5,10.5,23.5,4.5
BT02250715N,Forsa,2025-07-15,2503,08.07.–14.07.,26,13,12,4,11,24,4
BT13250716M,YouGov,2025-07-16,1820,11.07.–14.07.,27,14,11,3,10,25,5
BT09250719O,Allensbach,2025-07-19,1054,04.07.–16.07.,29,15,12,4,9,23,3.5
BT05250719D,INSA,2025-07-19,1205,14.07.–18.07.,27,15,11,3,11,24,5
BT05250721E,INSA,2025-07-21,2005,18.07.–21.07.,27.5,14,10.5,3.5,10.5,24,4.5
BT02250722O,Forsa,2025-07-22,2502,15.07.–21.07.,25,13,12,3,12,25,4
BT06250725Q,Forschungsgruppe Wahlen,2025-07-25,1367,22.07.–24.07.,27,15,11,3,11,24,3
BT05250726F,INSA,2025-07-26,1203,21.07.–25.07.,27,15,11,3,10,24,4
BT05250728G,INSA,2025-07-28,2006,25.07.–28.07.,27.5,14.5,10.5,3.5,10,24,4.5
BT02250729P,Forsa,2025-07-29,2502,22.07.–28.07.,26,13,12,3,12,25,3
BT03250801J,Verian,2025-08-01,1473,23.07.–29.07.,27,14,12,4,11,24,3
BT05250802H,INSA,2025-08-02,1203,28.07.–01.08.,27,15,11,3,10,25,4
BT05250804I,INSA,2025-08-04,2004,01.08.–04.08.,27.5,14.5,10.5,3,9.5,25,4.5
BT02250805Q,Forsa,2025-08-05,2503,29.07.–04.08.,25,13,12,3,12,25,4
BT01250807Y,Infratest dimap,2025-08-07,1321,04.08.–06.08.,27,13,12,4,10,24,3
BT05250809J,INSA,2025-08-09,1204,03.08.–08.08.,27,15,11,4,9,25,4
BT05250811K,INSA,2025-08-11,2008,08.08.–11.08.,27,14.5,10.5,3.5,9.5,25,4.5
BT02250812R,Forsa,2025-08-12,2505,05.08.–11.08.,24,13,13,3,11,26,4
BT06250814R,Forschungsgruppe Wahlen,2025-08-14,1370,11.08.–13.08.,27,15,12,3,11,23,3
BT03250815K,Verian,2025-08-15,1464,06.08.–12.08.,26,14,12,4,10,25,3
BT05250815L,INSA,2025-08-15,1206,11.08.–15.08.,26,15,11,4,9,25,4
BT02250819S,Forsa,2025-08-19,2502,12.08.–18.08.,25,13,12,3,12,26,3
BT05250819M,INSA,2025-08-19,2010,15.08.–18.08.,26,14.5,11,4,10,25,5
BT13250820N,YouGov,2025-08-20,1831,15.08.–18.08.,27,14,12,3,10,25,5
BT09250821P,Allensbach,2025-08-21,1051,01.08.–14.08.,28,16,11,4,10,22.5,4
BT05250823N,INSA,2025-08-23,1201,18.08.–22.08.,25,15,11,3,11,25,4
BT05250825O,INSA,2025-08-25,2002,22.08.–25.08.,25,15,10.5,3.5,11,25,4.5
BT02250826T,Forsa,2025-08-26,2501,19.08.–25.08.,25,13,12,3,11,26,3
BT05250829P,INSA,2025-08-29,1202,25.08.–29.08.,26,15,11,3,11,25,4
BT05250901Q,INSA,2025-09-01,2004,29.08.–01.09.,25.5,14.5,11,3.5,11,25,4
BT02250902U,Forsa,2025-09-02,2502,26.08.–01.09.,25,14,11,3,12,26,3
BT01250903A,Infratest dimap,2025-09-03,1342,01.09.–02.09.,27,14,11,3,10,25,4
BT06250905S,Forschungsgruppe Wahlen,2025-09-05,1269,02.09.–04.09.,27,15,11,3,10,25,3
BT05250907R,INSA,2025-09-07,1287,01.09.–05.09.,26,15,12,3,11,25,4
BT05250908S,INSA,2025-09-08,2006,05.09.–08.09.,25.5,14.5,11,3.5,10,25.5,4.5
BT02250909V,Forsa,2025-09-09,2500,02.09.–08.09.,25,14,11,3,12,26,3
BT03250910L,Verian,2025-09-10,1460,03.09.–09.09.,26,15,11,3,11,25,4
BT05250913T,INSA,2025-09-13,1204,08.09.–12.09.,25,14,12,3,11,25,4
BT02250916W,Forsa,2025-09-16,2502,09.09.–15.09.,25,14,12,3,11,25,4
BT05250916U,INSA,2025-09-16,2004,12.09.–15.09.,25.5,14.5,11.5,3,11,25.5,4
BT13250917O,YouGov,2025-09-17,1649,12.09.–15.09.,26,15,11,4,9,27,5
BT06250919T,Forschungsgruppe Wahlen,2025-09-19,1419,16.09.–18.09.,26,15,10,3,11,26,3
BT05250920V,INSA,2025-09-20,1200,15.09.–19.09.,25,15,11,3,11,26,4
BT02250923X,Forsa,2025-09-23,2504,16.09.–22.09.,25,13,11,3,11,27,4
BT05250923W,INSA,2025-09-23,2002,19.09.–22.09.,24.5,14.5,11,3.5,11.5,26,4
BT09250924Q,Allensbach,2025-09-24,1013,05.09.–17.09.,27,15,11,4,11,24,3
BT05250926X,INSA,2025-09-26,1200,22.09.–26.09.,25,15,12,3,11,26,4
BT05250929Y,INSA,2025-09-29,2006,26.09.–29.09.,25,15.5,11.5,3,11,26,4
BT02250930Y,Forsa,2025-09-30,2504,23.09.–29.09.,24,13,12,3,11,27,4
BT04250930E,GMS,2025-09-30,1012,24.09.–29.09.,26,15,11,3,10,25,3
BT06251002U,Forschungsgruppe Wahlen,2025-10-02,1300,29.09.–01.10.,27,15,11,3,11,25,NA
BT01251002B,Infratest dimap,2025-10-02,1306,29.09.–01.10.,26,14,12,3,10,26,3
BT05251004A,INSA,2025-10-04,1186,29.09.–02.10.,24,14,11,4,12,26,4
BT05251006B,INSA,2025-10-06,2010,02.10.–06.10.,24.5,14.5,11,3.5,11.5,26.5,4
BT02251007A,Forsa,2025-10-07,2001,30.09.–06.10.,24,13,12,3,12,26,4
BT03251010M,Verian,2025-10-10,1478,30.09.–07.10.,25,15,12,3,10,25,4
BT05251011C,INSA,2025-10-11,1224,06.10.–10.10.,24,14,12,4,11,26,4
BT02251014B,Forsa,2025-10-14,2500,07.10.–13.10.,24,13,12,3,12,26,4
BT05251014D,INSA,2025-10-14,2008,10.10.–13.10.,25,14,11.5,4,10.5,26.5,4
BT13251015P,YouGov,2025-10-15,1880,10.10.–13.10.,27,14,11,3,10,26,4
BT09251017R,Allensbach,2025-10-17,1044,26.09.–10.10.,26,15,11,3,11,25,4
BT05251018E,INSA,2025-10-18,1200,13.10.–17.10.,25,14,11,4,11,27,4
BT05251020F,INSA,2025-10-20,2006,17.10.–20.10.,24.5,14,11,4,11,27,4.5
BT02251021C,Forsa,2025-10-21,2505,14.10.–20.10.,24,14,12,3,11,26,4
BT06251024V,Forschungsgruppe Wahlen,2025-10-24,1272,21.10.–23.10.,27,15,11,NA,10,25,NA
BT05251024G,INSA,2025-10-24,1205,20.10.–24.10.,24,15,11,4,11,26,4
BT05251027H,INSA,2025-10-27,2004,24.10.–27.10.,24.5,15,11,3.5,11.5,26,4
BT02251028D,Forsa,2025-10-28,2502,21.10.–27.10.,25,13,12,3,12,26,3
BT05251101I,INSA,2025-11-01,1202,27.10.–30.10.,25,15,11,3,11,26,4
BT05251103J,INSA,2025-11-03,2002,30.10.–03.11.,25.5,15,11,3,11,25.5,4
BT02251104E,Forsa,2025-11-04,2500,28.10.–03.11.,24,14,12,3,12,26,3
BT01251106C,Infratest dimap,2025-11-06,1300,03.11.–05.11.,27,14,12,3,10,26,3
BT03251107N,Verian,2025-11-07,1471,28.10.–04.11.,26,15,12,3,10,25,3
BT06251107W,Forschungsgruppe Wahlen,2025-11-07,1322,04.11.–06.11.,26,14,12,NA,10,26,NA
BT05251108K,INSA,2025-11-08,1205,03.11.–07.11.,25,15,12,3,11,26,4
BT02251111F,Forsa,2025-11-11,2503,04.11.–10.11.,24,14,12,3,11,26,3
BT05251111L,INSA,2025-11-11,2010,07.11.–10.11.,25,15.5,11.5,3,10.5,26,4
BT09251114S,Allensbach,2025-11-14,1011,23.10.–06.11.,27,15.5,11,3.5,10,24,4
BT05251115M,INSA,2025-11-15,1203,10.11.–14.11.,25,15,11,3,11,26,4
BT04251117F,GMS,2025-11-17,1020,11.11.–17.11.,25,14,12,3,11,26,3
BT05251117N,INSA,2025-11-17,2006,14.11.–17.11.,24.5,15,11,3.5,11,26,4
BT02251118G,Forsa,2025-11-18,2502,11.11.–17.11.,25,14,12,3,11,26,NA
BT13251119Q,YouGov,2025-11-19,2005,14.11.–17.11.,27,14,11,4,11,25,4
BT06251121X,Forschungsgruppe Wahlen,2025-11-21,1207,18.11.–20.11.,27,14,12,NA,9,27,NA
BT05251122O,INSA,2025-11-22,1208,17.11.–21.11.,25,15,11,3,10,26,4
BT05251124P,INSA,2025-11-24,2008,21.11.–24.11.,25.5,15,11,3,10.5,26,4
BT02251125H,Forsa,2025-11-25,2501,18.11.–24.11.,25,14,12,3,11,26,3
BT05251128Q,INSA,2025-11-28,1198,24.11.–28.11.,25,15,11,3,10,27,4
BT02251202I,Forsa,2025-12-02,2501,25.11.–01.12.,25,14,12,3,11,26,3
BT05251202R,INSA,2025-12-02,2002,28.11.–01.12.,24.5,14.5,11,3.5,10.5,27,4
BT01251204D,Infratest dimap,2025-12-04,1306,01.12.–03.12.,27,14,12,3,10,25,4
BT05251206S,INSA,2025-12-06,1206,01.12.–05.12.,25,15,10,4,11,26,4
BT02251209J,Forsa,2025-12-09,2503,02.12.–08.12.,24,14,12,3,11,26,3
BT05251209T,INSA,2025-12-09,2007,05.12.–08.12.,24.5,15,10.5,4,11,26.5,4
BT03251210O,Verian,2025-12-10,1443,03.12.–09.12.,25,14,12,3,11,25,4
BT09251211T,Allensbach,2025-12-11,1029,22.11.–04.12.,27,14,12.5,4.5,9,25,3
BT06251212Y,Forschungsgruppe Wahlen,2025-12-12,1295,09.12.–11.12.,26,14,12,NA,11,25,NA
BT05251213U,INSA,2025-12-13,1201,08.12.–12.12.,24,14,11,4,11,26,4
BT02251216K,Forsa,2025-12-16,2503,09.12.–15.12.,24,13,13,3,11,26,3
BT05251216V,INSA,2025-12-16,2006,12.12.–15.12.,25,14,10.5,4,10.5,26,4.5
BT13251217R,YouGov,2025-12-17,1743,12.12.–15.12.,26,14,12,4,10,26,4
BT05251221W,INSA,2025-12-21,1201,15.12.–19.12.,24,14,12,4,11,26,4
BT02251223L,Forsa,2025-12-23,2003,16.12.–19.12.,24,13,13,3,11,26,3
BT05251223X,INSA,2025-12-23,2002,19.12.–22.12.,24.5,14,11.5,3.5,11,26,4
BT05260103Y,INSA,2026-01-03,1004,30.12.–02.01.,25,14,11,4,11,26,4
BT04260105G,GMS,2026-01-05,1027,23.12.–05.01.,24,15,12,3,10,27,4
BT05260106A,INSA,2026-01-06,2008,02.01.–05.01.,25,14.5,11,3.5,11,25.5,4
BT01260108E,Infratest dimap,2026-01-08,1323,05.01.–07.01.,28,13,12,3,10,25,3
BT05260110B,INSA,2026-01-10,1205,05.01.–09.01.,24,14,12,4,11,26,3
BT05260112C,INSA,2026-01-12,2010,09.01.–12.01.,24.5,14.5,12,4,10,26,4
BT02260113M,Forsa,2026-01-13,3004,05.01.–12.01.,24,13,13,3,11,26,3
BT13260114S,YouGov,2026-01-14,1673,09.01.–12.01.,25,16,12,4,10,25,3
BT03260116P,Verian,2026-01-16,1455,07.01.–13.01.,26,15,13,3,10,25,3
BT06260116A,Forschungsgruppe Wahlen,2026-01-16,1245,13.01.–15.01.,26,15,12,NA,10,25,NA
BT05260117D,INSA,2026-01-17,1202,12.01.–16.01.,25,14,12,4,11,26,4
BT02260120N,Forsa,2026-01-20,2501,13.01.–19.01.,25,14,12,3,10,26,3
BT05260120E,INSA,2026-01-20,2004,16.01.–19.01.,25,14,12,4,10.5,26,4
BT05260124F,INSA,2026-01-24,1204,19.01.–23.01.,25,15,11,4,10,26,4
BT02260127O,Forsa,2026-01-27,2501,20.01.–26.01.,26,14,12,3,11,24,3
BT05260127G,INSA,2026-01-27,2008,23.01.–26.01.,25,14.5,11.5,4,10.5,26,4.5
BT09260131U,Allensbach,2026-01-31,1077,06.01.–19.01.,27,15,11.5,3.5,10,25,NA
BT05260131H,INSA,2026-01-31,1204,26.01.–30.01.,26,16,11,3,10,26,4
BT02260203P,Forsa,2026-02-03,2503,27.01.–02.02.,26,14,12,3,11,24,3
BT05260203I,INSA,2026-02-03,2006,30.01.–02.02.,26,15.5,11.5,3,10,26,4
BT01260205F,Infratest dimap,2026-02-05,1319,02.02.–04.02.,26,15,12,3,10,24,3
BT06260206B,Forschungsgruppe Wahlen,2026-02-06,1289,03.02.–05.02.,26,15,13,NA,10,24,NA
BT05260207J,INSA,2026-02-07,1202,02.02.–06.02.,25,16,11,3,10,26,4
BT02260210Q,Forsa,2026-02-10,2503,03.02.–09.02.,26,14,13,3,11,24,3
BT05260210K,INSA,2026-02-10,2004,06.02.–09.02.,25.5,15.5,11,3,10,26,4
BT03260211Q,Verian,2026-02-11,1472,04.02.–10.02.,25,15,12,4,11,24,3
BT13260211T,YouGov,2026-02-11,1657,06.02.–09.02.,25,16,11,4,10,25,4
BT05260213L,INSA,2026-02-13,1202,09.02.–13.02.,25,16,11,3,10,25,4
BT05260216M,INSA,2026-02-16,2002,13.02.–16.02.,25.5,15.5,11,3,10,25.5,4
BT02260217R,Forsa,2026-02-17,2504,10.02.–16.02.,26,14,12,3,10,25,3
BT05260222N,INSA,2026-02-22,1203,16.02.–20.02.,25,16,11,3,11,25,3
BT02260224S,Forsa,2026-02-24,2504,17.02.–23.02.,26,14,12,3,11,24,3
BT05260224O,INSA,2026-02-24,2006,20.02.–23.02.,25,15.5,11,3.5,11,25,3.5
BT06260227C,Forschungsgruppe Wahlen,2026-02-27,1262,24.02.–26.02.,26,15,12,NA,11,24,NA
BT05260228P,INSA,2026-02-28,1203,23.02.–27.02.,26,16,11,3,10,25,3
BT09260302V,Allensbach,2026-03-02,1052,06.02.–19.02.,27,16,12,4,10,24,NA
BT02260303T,Forsa,2026-03-03,2503,24.02.–02.03.,26,14,12,3,11,24,3
BT04260303H,GMS,2026-03-03,1016,25.02.–02.03.,26,16,12,3,10,24,3
BT05260303Q,INSA,2026-03-03,2002,27.02.–02.03.,25.5,16,11.5,3,10,25,3.5
BT01260305G,Infratest dimap,2026-03-05,1317,02.03.–04.03.,28,14,13,NA,9,23,4
BT05260307R,INSA,2026-03-07,1200,02.03.–06.03.,26,15,11,4,11,25,3
BT02260310U,Forsa,2026-03-10,2502,03.03.–09.03.,26,14,12,3,11,24,3
BT05260310S,INSA,2026-03-10,2003,06.03.–09.03.,26,15.5,11.5,3.5,10.5,24.5,3.5
BT03260312R,Verian,2026-03-12,1471,04.03.–10.03.,26,15,13,3,11,23,3
BT05260314T,INSA,2026-03-14,1201,09.03.–13.03.,25,15,12,3,11,25,3
BT02260317V,Forsa,2026-03-17,2503,10.03.–16.03.,27,12,15,NA,11,23,3
BT05260317U,INSA,2026-03-17,2002,13.03.–16.03.,25.5,15,12,3,10.5,26,3.5
BT13260317U,YouGov,2026-03-17,1851,13.03.–16.03.,26,14,13,3,9,26,3
BT09260321W,Allensbach,2026-03-21,1045,27.02.–12.03.,28,16,11.5,4,10,23,NA
BT05260321V,INSA,2026-03-21,1205,16.03.–20.03.,26,15,12,3,11,25,3
BT02260324W,Forsa,2026-03-24,2501,17.03.–23.03.,26,12,15,NA,10,25,3
BT05260324W,INSA,2026-03-24,2010,20.03.–23.03.,26,15,12,3,10,26,3.5
BT06260327D,Forschungsgruppe Wahlen,2026-03-27,1206,24.03.–26.03.,26,13,15,NA,10,26,NA
BT05260328X,INSA,2026-03-28,1205,23.03.–27.03.,26,14,12,3,11,26,3
BT02260331X,Forsa,2026-03-31,2504,24.03.–30.03.,26,12,15,NA,10,25,3
BT05260331Y,INSA,2026-03-31,2006,27.03.–30.03.,26,14.5,12,3,10.5,26,3.5
BT01260401H,Infratest dimap,2026-04-01,1316,30.03.–31.03.,26,12,14,3,10,25,3
BT05260404A,INSA,2026-04-04,1199,30.03.–02.04.,25,13,12,3,11,26,4
BT02260407Y,Forsa,2026-04-07,1503,31.03.–02.04.,26,12,15,NA,10,26,NA
BT05260408B,INSA,2026-04-08,2002,02.04.–07.04.,25,13,12,3.5,10.5,26,4
BT03260410S,Verian,2026-04-10,1460,30.03.–07.04.,25,14,14,3,11,25,3
BT05260411C,INSA,2026-04-11,1205,07.04.–10.04.,25,14,13,3,10,26,4
BT02260414A,Forsa,2026-04-14,2502,07.04.–13.04.,24,12,15,4,11,26,NA
BT05260414D,INSA,2026-04-14,2006,10.04.–13.04.,25,14,12.5,3.5,10,26,3.5
BT13260415V,YouGov,2026-04-15,1763,10.04.–13.04.,23,13,14,4,10,27,4
BT09260417X,Allensbach,2026-04-17,1057,23.03.–09.04.,26,14,13,4,10,25,NA
BT06260417E,Forschungsgruppe Wahlen,2026-04-17,1355,14.04.–16.04.,25,12,14,3,11,26,NA
BT05260418E,INSA,2026-04-18,1201,13.04.–17.04.,24,14,13,3,11,27,3
BT02260421B,Forsa,2026-04-21,2502,14.04.–21.04.,24,12,15,4,11,26,NA
BT05260421F,INSA,2026-04-21,2003,17.04.–20.04.,24,14,12.5,3.5,11,26.5,3.5
BT05260425G,INSA,2026-04-25,1203,20.04.–24.04.,24,14,12,3,11,28,3
BT02260428C,Forsa,2026-04-28,2503,21.04.–27.04.,22,12,15,4,12,27,NA
BT05260428H,INSA,2026-04-28,2010,24.04.–27.04.,23.5,14,12.5,3.5,11,28,3.5
BT05260502I,INSA,2026-05-02,1207,27.04.–30.04.,24,14,13,3,11,28,3
BT02260505D,Forsa,2026-05-05,2002,28.04.–04.05.,22,12,16,4,11,27,NA
BT05260505J,INSA,2026-05-05,2008,30.04.–04.05.,24,13.5,13,4,10.5,27.5,3.5
BT01260507I,Infratest dimap,2026-05-07,1303,04.05.–06.05.,24,12,15,4,10,27,3
BT03260508T,Verian,2026-05-08,1448,28.04.–05.05.,24,13,15,4,10,25,3
BT06260508F,Forschungsgruppe Wahlen,2026-05-08,1240,05.05.–07.05.,25,12,13,3,11,27,NA
BT05260509K,INSA,2026-05-09,1200,04.05.–08.05.,23,13,13,3,11,28,3
BT09260511Y,Allensbach,2026-05-11,1015,18.04.–30.04.,25,12.5,14,4.5,10,26,NA
BT02260512E,Forsa,2026-05-12,2501,05.05.–11.05.,22,12,15,4,11,27,NA
BT05260512L,INSA,2026-05-12,2006,08.05.–11.05.,23,13,12.5,3.5,11,28,3.5
BT13260512W,YouGov,2026-05-12,1783,08.05.–11.05.,22,13,13,4,11,28,4
BT05260516M,INSA,2026-05-16,1203,11.05.–15.05.,22,12,14,3,10,29,3
BT02260519F,Forsa,2026-05-19,2000,12.05.–18.05.,22,12,14,4,11,28,3
BT05260519N,INSA,2026-05-19,2005,15.05.–18.05.,22,12.5,14,3.5,10.5,29,3.5
BT06260522G,Forschungsgruppe Wahlen,2026-05-22,1340,19.05.–21.05.,24,12,15,3,12,26,NA
BT05260523O,INSA,2026-05-23,1203,18.05.–22.05.,22,12,14,4,11,29,3
BT02260526G,Forsa,2026-05-26,2002,19.05.–22.05.,22,12,15,4,11,27,3
BT05260526P,INSA,2026-05-26,2010,22.05.–26.05.,22,12,14,4,10.5,29,3
BT05260530Q,INSA,2026-05-30,1205,26.05.–29.05.,22,12,14,3,11,29,3
BT04260601I,GMS,2026-06-01,1023,27.05.–01.06.,23,11,16,5,11,27,2
BT02260602H,Forsa,2026-06-02,2502,26.05.–01.06.,21,12,15,5,11,27,3
BT05260602R,INSA,2026-06-02,2006,29.05.–01.06.,22,12,13.5,3.5,10.5,29,3.5
BT03260603U,Verian,2026-06-03,1454,27.05.–02.06.,23,13,15,4,10,27,2
BT01260603J,Infratest dimap,2026-06-03,1326,01.06.–02.06.,23,13,14,4,10,27,3
BT06260605H,Forschungsgruppe Wahlen,2026-06-05,1247,01.06.–03.06.,25,12,14,3,11,27,NA
BT05260606S,INSA,2026-06-06,1206,01.06.–05.06.,21,12,14,3,11,29,3
BT02260609I,Forsa,2026-06-09,2502,02.06.–08.06.,22,11,15,5,11,27,3
BT05260609T,INSA,2026-06-09,2009,05.06.–08.06.,21,12,14.5,3.5,10.5,29,3.5
BT05260613U,INSA,2026-06-13,1203,08.06.–12.06.,22,13,14,3,10,29,3
BT02260616J,Forsa,2026-06-16,2500,09.06.–15.06.,21,12,15,5,11,27,3
BT05260616V,INSA,2026-06-16,2003,12.06.–15.06.,22,12,14.5,3.5,10.5,29,3.5
BT13260616X,YouGov,2026-06-16,1793,12.06.–15.06.,20,12,14,5,12,29,4
BT06260619I,Forschungsgruppe Wahlen,2026-06-19,1190,16.06.–18.06.,24,13,12,4,11,28,NA
BT05260620W,INSA,2026-06-20,1204,15.06.–19.06.,22,13,13,3,10,29,3
BT02260623K,Forsa,2026-06-23,2504,16.06.–22.06.,22,12,15,4,11,27,3
BT05260623X,INSA,2026-06-23,2008,19.06.–22.06.,21.5,12.5,13,4,10.5,29,3.5
BT09260624B,Allensbach,2026-06-24,1047,05.06.–17.06.,24,12.5,13,5.5,10,28,NA
BT09260624A,Allensbach,2026-06-24,1010,22.05.–05.06.,24,13.5,13,5,9.5,27,NA
BT05260627Y,INSA,2026-06-27,1204,22.06.–26.06.,22,12,13,4,10,29,3
BT02260630L,Forsa,2026-06-30,2505,23.06.–29.06.,22,12,15,4,12,26,3
BT05260630A,INSA,2026-06-30,2006,26.06.–29.06.,22,12,13,4,10.5,29,3.5
BT01260702K,Infratest dimap,2026-07-02,1317,29.06.–01.07.,22,12,15,4,11,27,NA
BT03260703V,Verian,2026-07-03,1470,24.06.–30.06.,22,13,15,4,11,27,3
BT05260704B,INSA,2026-07-04,1205,29.06.–03.07.,21,13,13,4,10,29,4
BT02260707M,Forsa,2026-07-07,2502,30.06.–06.07.,22,12,15,4,12,26,3
BT05260707C,INSA,2026-07-07,2010,03.07.–06.07.,22,12.5,13,4,10.5,29,4
BT05260711D,INSA,2026-07-11,1204,06.07.–10.07.,22,12,12,4,11,28,4
BT02260714N,Forsa,2026-07-14,2503,07.07.–13.07.,22,12,16,4,12,26,NA
BT05260714E,INSA,2026-07-14,2006,10.07.–13.07.,21.5,12.5,13,4,10.5,28.5,4
BT13260714Y,YouGov,2026-07-14,1827,10.07.–13.07.,20,12,14,5,12,27,4
BT06260717J,Forschungsgruppe Wahlen,2026-07-17,1284,14.07.–16.07.,23,12,14,4,13,27,NA
BT05260718F,INSA,2026-07-18,1201,13.07.–17.07.,21,13,13,4,10,29,3
BT04260720J,GMS,2026-07-20,1005,15.07.–20.07.,23,11,13,5,10,28,2
BT02260721O,Forsa,2026-07-21,2502,14.07.–20.07.,22,12,16,4,12,26,NA
BT05260721G,INSA,2026-07-21,2005,17.07.–20.07.,20.5,13,13,4.5,10.5,29,3.5
BT09260723C,Allensbach,2026-07-23,1040,03.07.–16.07.,24,13,13,5.5,10,26.5,NA
BT05260724H,INSA,2026-07-24,1204,20.07.–24.07.,21,12,14,4,11,28,4
BT02260728P,Forsa,2026-07-28,2502,21.07.–27.07.,21,12,16,4,13,27,NA
BT05260728I,INSA,2026-07-28,2006,24.07.–27.07.,21,12.5,13.5,4,11,28,4
BT03260731W,Verian,2026-07-31,1456,22.07.–28.07.,21,13,15,4,12,27,3
BT06260731K,Forschungsgruppe Wahlen,2026-07-31,1405,28.07.–30.07.,23,12,13,4,12,28,NA
BT05260802J,INSA,2026-08-02,1201,27.07.–31.07.,21,12,14,5,11,28,4
BT02260804Q,Forsa,2026-08-04,2501,28.07.–03.08.,21,12,16,4,12,28,NA
BT05260804K,INSA,2026-08-04,2004,31.07.–03.08.,21,12,13.5,5,11,28,4
